"Date","GM_Volume","GM_Price","Ford_Volume","Ford_Price"
"2-Jan-87",922200,11.45,2540100,2.31
"5-Jan-87",2100000,11.73,8670000,2.4
"6-Jan-87",2720000,11.77,6992000,2.43
"7-Jan-87",2000400,11.83,7621200,2.53
"8-Jan-87",2460000,11.66,5807500,2.51
"9-Jan-87",2640000,11.77,8530200,2.55
"12-Jan-87",1940400,11.75,5361400,2.6
"13-Jan-87",1697800,11.64,6196300,2.64
"14-Jan-87",1795600,11.55,12026200,2.76
"15-Jan-87",3280000,11.73,11746500,2.82
"16-Jan-87",3561800,11.77,12096100,2.8
"19-Jan-87",2020000,11.98,5313200,2.81
"20-Jan-87",4000000,12.17,7271600,2.85
"21-Jan-87",2780000,12.11,6992000,2.88
"22-Jan-87",3640000,12.39,9998500,3.07
"23-Jan-87",6280000,12,19158000,2.97
"26-Jan-87",2400000,11.98,8040800,2.96
"27-Jan-87",2720000,12.26,8530200,3.02
"28-Jan-87",2340000,12.32,9159500,3.01
"29-Jan-87",5660000,12.88,4292300,3.01
"30-Jan-87",7460000,12.88,3998000,3
"2-Feb-87",5080000,13.33,6236800,3.06
"3-Feb-87",4560000,13.09,6513000,3.07
"4-Feb-87",3440000,13.41,3959500,3.11
"5-Feb-87",11340000,13.69,11956300,3.21
"6-Feb-87",5960000,13.24,10697700,3.12
"9-Feb-87",2400000,13.24,6038200,3.05
"10-Feb-87",3760000,13.15,6444500,2.97
"11-Feb-87",2720000,13.06,4858000,3.03
"12-Feb-87",3700000,13.06,4927900,3.02
"13-Feb-87",2460000,13.22,6722800,3.07
"17-Feb-87",2200000,13.52,7621200,3.18
"18-Feb-87",2480000,13.43,15592100,3.18
"19-Feb-87",1810000,13.48,5034900,3.19
"20-Feb-87",1795600,13.35,8740000,3.14
"23-Feb-87",1972200,13.32,4697900,3.1
"24-Feb-87",1203800,13.37,3820400,3.11
"25-Feb-87",2480000,13.04,5620100,3.13
"26-Feb-87",2280000,12.93,4434300,3.07
"27-Feb-87",1533200,12.98,2783500,3.08
"2-Mar-87",2860000,13,5099200,3.12
"3-Mar-87",2340000,13.15,4718900,3.1
"4-Mar-87",8040000,13.82,7761100,3.2
"5-Mar-87",4380000,13.58,9089600,3.22
"6-Mar-87",2240000,13.48,7970800,3.27
"9-Mar-87",2300000,13.65,9509100,3.3
"10-Mar-87",1933400,13.74,6143100,3.31
"11-Mar-87",2020000,13.61,9229400,3.33
"12-Mar-87",1307400,13.56,6464100,3.29
"13-Mar-87",1235600,13.54,3766500,3.22
"16-Mar-87",1740600,13.39,4898500,3.17
"17-Mar-87",1936800,13.5,6717900,3.24
"18-Mar-87",2540000,13.45,4823700,3.24
"19-Mar-87",1366200,13.52,3225400,3.26
"20-Mar-87",2740000,13.58,6422800,3.28
"23-Mar-87",2060000,13.78,8390400,3.32
"24-Mar-87",1942800,13.8,3896600,3.29
"25-Mar-87",1793200,13.8,4744000,3.38
"26-Mar-87",2640000,13.91,4949600,3.4
"27-Mar-87",1670600,13.54,4990800,3.36
"30-Mar-87",2440000,13.37,6992000,3.31
"31-Mar-87",1911000,13.58,7271600,3.4
"1-Apr-87",2080000,13.69,7411500,3.51
"2-Apr-87",1665000,13.67,6992000,3.47
"3-Apr-87",2080000,13.87,4911100,3.53
"6-Apr-87",3326200,14.17,8740000,3.64
"7-Apr-87",4508200,14.3,13333700,3.59
"8-Apr-87",3252600,14.65,9229400,3.58
"9-Apr-87",2480000,14.48,8250500,3.48
"10-Apr-87",5020000,14.95,5510300,3.48
"13-Apr-87",3120000,14.65,5343200,3.44
"14-Apr-87",3620000,14.41,11396900,3.32
"15-Apr-87",2220000,14.95,7411500,3.34
"16-Apr-87",4060000,15.08,8530200,3.42
"20-Apr-87",2140000,14.91,6127700,3.33
"21-Apr-87",3480000,15.5,9439200,3.45
"22-Apr-87",3320000,15.19,6237500,3.42
"23-Apr-87",3680000,15.28,8250500,3.44
"24-Apr-87",2803200,15,6747200,3.32
"27-Apr-87",3180000,15.06,10488000,3.28
"28-Apr-87",2800000,15,5956400,3.33
"29-Apr-87",2500000,15.19,17829600,3.57
"30-Apr-87",4160000,15.65,20766200,3.71
"1-May-87",4060000,15.93,16920600,3.99
"4-May-87",2320000,15.87,10627800,3.97
"5-May-87",2460000,15.95,8530200,3.97
"6-May-87",2440000,15.95,11606700,4.03
"7-May-87",3660000,15.91,8390400,4.08
"8-May-87",2140000,15.82,6263400,4.07
"11-May-87",3960000,15.82,7131800,3.96
"12-May-87",1643200,15.87,4944000,3.93
"13-May-87",1830400,15.78,5529900,3.98
"14-May-87",1079600,15.6,4732100,3.93
"15-May-87",2380000,15.45,8670000,3.82
"18-May-87",2860000,15.36,11816400,3.7
"19-May-87",2560000,15.01,11117200,3.63
"20-May-87",3080000,14.79,11466800,3.58
"21-May-87",1641000,14.65,7621200,3.62
"22-May-87",1666800,14.85,4934900,3.69
"26-May-87",1510600,14.94,6876600,3.75
"27-May-87",2120000,14.79,5714500,3.74
"28-May-87",1671000,15.03,6492700,3.68
"29-May-87",1204000,15.03,3731600,3.7
"1-Jun-87",1886800,15.03,4094500,3.74
"2-Jun-87",1411200,14.87,6746500,3.72
"3-Jun-87",1470600,15.23,7900900,3.85
"4-Jun-87",921800,15.23,3589600,3.84
"5-Jun-87",1178400,15.14,3726700,3.82
"8-Jun-87",1376800,15.21,3372900,3.84
"9-Jun-87",1148800,15.18,4672000,3.86
"10-Jun-87",1657200,14.81,6634000,3.82
"11-Jun-87",1167200,14.87,4763600,3.81
"12-Jun-87",1923400,14.79,8180600,3.8
"15-Jun-87",1686800,14.74,8320400,3.96
"16-Jun-87",2040000,14.59,6219300,4
"17-Jun-87",1976600,14.48,5521500,3.87
"18-Jun-87",2240000,14.63,3646300,3.89
"19-Jun-87",3160000,14.7,6992000,3.91
"22-Jun-87",1423200,14.81,5446700,3.92
"23-Jun-87",1293200,14.81,4544800,3.93
"24-Jun-87",873200,14.81,3560300,3.95
"25-Jun-87",1341800,14.83,7411500,4.06
"26-Jun-87",1057800,14.76,10138400,4.15
"29-Jun-87",1473200,14.79,5309000,4.1
"30-Jun-87",1366200,14.57,4475500,4.03
"1-Jul-87",1545600,14.35,6287900,4.01
"2-Jul-87",1302200,14.32,3089700,4.05
"6-Jul-87",1793200,14.1,4735600,3.98
"7-Jul-87",2240000,14.24,4075600,4.06
"8-Jul-87",2020000,14.28,4860100,4.13
"9-Jul-87",1384400,14.21,6459900,4.11
"10-Jul-87",1292800,14.41,3061000,4.15
"13-Jul-87",1881800,14.68,6066900,4.21
"14-Jul-87",1939400,15.03,13005100,4.34
"15-Jul-87",1686000,14.87,7691200,4.34
"16-Jul-87",1360600,14.68,5608900,4.36
"17-Jul-87",1831000,14.74,6586400,4.4
"20-Jul-87",1609600,14.72,2721900,4.34
"21-Jul-87",1626000,14.68,6404600,4.34
"22-Jul-87",1165600,14.81,6992000,4.33
"23-Jul-87",3320000,15.07,9648900,4.23
"24-Jul-87",2240000,15.29,5918700,4.24
"27-Jul-87",1001200,15.25,5927800,4.19
"28-Jul-87",1088200,15.16,8460300,4.16
"29-Jul-87",1208400,15.23,6589200,4.18
"30-Jul-87",1390600,15.31,5183800,4.18
"31-Jul-87",1545000,15.67,4475500,4.17
"3-Aug-87",2100000,15.43,5710300,4.18
"4-Aug-87",1486800,15.49,6562600,4.31
"5-Aug-87",1387800,15.65,6289300,4.32
"6-Aug-87",4900000,15.49,8390400,4.3
"7-Aug-87",2580000,15.54,3981900,4.25
"10-Aug-87",1710600,15.87,7271600,4.35
"11-Aug-87",3160000,16.07,9718800,4.37
"12-Aug-87",3240000,16.1,13354700,4.45
"13-Aug-87",2540000,16.36,7341600,4.48
"14-Aug-87",3700000,16.72,7900900,4.51
"17-Aug-87",1805000,16.79,6755600,4.57
"18-Aug-87",2240000,16.47,8949700,4.47
"19-Aug-87",2120000,16.5,6229800,4.47
"20-Aug-87",1922800,16.74,5660000,4.53
"21-Aug-87",2500000,16.45,7831000,4.52
"24-Aug-87",1168200,16.36,3905000,4.51
"25-Aug-87",1802800,16.43,8740000,4.58
"26-Aug-87",1367200,16.23,5090800,4.57
"27-Aug-87",1226600,16.03,4725100,4.42
"28-Aug-87",1178200,16.1,6814400,4.4
"31-Aug-87",1494000,16.45,4299300,4.43
"1-Sep-87",1683800,15.87,4873400,4.36
"2-Sep-87",3000000,15.74,5545300,4.32
"3-Sep-87",2060000,15.74,7131800,4.26
"4-Sep-87",1368400,15.58,4559400,4.18
"8-Sep-87",2720000,15.42,7061900,4.21
"9-Sep-87",1690600,15.34,7131800,4.23
"10-Sep-87",1731000,15.38,5275400,4.23
"11-Sep-87",1682400,15.4,4427300,4.25
"14-Sep-87",2060000,15.85,6494800,4.38
"15-Sep-87",1611000,15.67,4037800,4.29
"16-Sep-87",2060000,15.65,5743200,4.27
"17-Sep-87",1821800,15.6,8320400,4.3
"18-Sep-87",2240000,15.29,4890900,4.23
"21-Sep-87",1853400,15.2,6613700,4.17
"22-Sep-87",1986600,15.47,7551300,4.23
"23-Sep-87",1729600,15.42,6952800,4.25
"24-Sep-87",1141800,15.13,6519300,4.14
"25-Sep-87",1891600,15.11,22024800,3.99
"28-Sep-87",1605000,14.87,9998500,4.04
"29-Sep-87",1612200,14.84,7691200,3.93
"30-Sep-87",2240000,14.84,12305900,4.02
"1-Oct-87",1607800,15.07,7621200,4.15
"2-Oct-87",1480000,14.75,4126600,4.11
"5-Oct-87",2270400,14.55,4414000,4.08
"6-Oct-87",2230000,14.31,5392200,3.97
"7-Oct-87",2985600,13.99,12515600,3.91
"8-Oct-87",4146600,13.64,15871800,3.88
"9-Oct-87",3715000,13.32,15871800,3.89
"12-Oct-87",3125000,13.21,9229400,3.85
"13-Oct-87",2443800,13.48,9439200,3.93
"14-Oct-87",2683400,13.06,14823000,3.79
"15-Oct-87",4504600,12.67,19018200,3.57
"16-Oct-87",5270600,11.8,20181000,3.46
"19-Oct-87",8474600,9.32,35606700,2.83
"20-Oct-87",9070400,10.69,37272900,2.95
"21-Oct-87",5609600,11.13,30279500,3.16
"22-Oct-87",5085600,10.37,21880700,3.03
"23-Oct-87",3246200,10.28,11722000,3.04
"26-Oct-87",2326200,9.93,21325600,2.79
"27-Oct-87",3584600,10.62,14725100,2.91
"28-Oct-87",2586600,10.35,11676600,3
"29-Oct-87",1867400,10.57,12096100,3.07
"30-Oct-87",3395600,10.46,11606700,3.14
"2-Nov-87",1927200,10.49,7341600,3.17
"3-Nov-87",3363800,10.51,6720700,3.17
"4-Nov-87",5613400,10.78,7201700,3.16
"5-Nov-87",2784400,10.98,7411500,3.27
"6-Nov-87",1806000,10.73,5474000,3.15
"9-Nov-87",2061000,10.59,6051500,3.05
"10-Nov-87",1844000,10.48,6785000,2.99
"11-Nov-87",1213200,10.55,4160900,2.99
"12-Nov-87",3032800,11.03,11746500,3.1
"13-Nov-87",1405400,10.78,7621200,3.14
"16-Nov-87",1730400,10.96,7215000,3.21
"17-Nov-87",1502200,10.91,5441100,3.16
"18-Nov-87",1920400,11.14,5858500,3.21
"19-Nov-87",2004000,10.82,6809500,3.13
"20-Nov-87",1824600,11.07,8320400,3.14
"23-Nov-87",1260000,10.98,3999400,3.15
"24-Nov-87",1528200,10.94,5713800,3.17
"25-Nov-87",1600000,10.82,3314200,3.09
"27-Nov-87",745400,10.68,2642900,3.04
"30-Nov-87",3221000,10.3,8390400,2.96
"1-Dec-87",1601800,10.57,5204100,3.04
"2-Dec-87",1527200,10.55,4611900,3.11
"3-Dec-87",2440000,10.23,5891400,3.02
"4-Dec-87",1981200,10.21,6025700,3.01
"7-Dec-87",1338200,10.3,4452500,3.13
"8-Dec-87",1815000,10.55,4434300,3.13
"9-Dec-87",1847400,10.89,7341600,3.15
"10-Dec-87",1940600,10.5,6668900,3.05
"11-Dec-87",1092200,10.78,3355400,3.07
"14-Dec-87",1702800,11.03,5259300,3.14
"15-Dec-87",2130600,11.19,6234700,3.15
"16-Dec-87",1850000,11.46,6400400,3.21
"17-Dec-87",1442800,11.14,4293700,3.15
"18-Dec-87",3140000,11.39,9648900,3.19
"21-Dec-87",1475600,11.57,5913800,3.26
"22-Dec-87",1750000,11.3,6324200,3.26
"23-Dec-87",1672200,11.46,5704700,3.28
"24-Dec-87",773400,11.55,1945100,3.27
"28-Dec-87",1106000,11.32,2433200,3.21
"29-Dec-87",909400,11.28,2054200,3.19
"30-Dec-87",1368400,11.23,3455400,3.19
"31-Dec-87",1590000,11.21,5343900,3.14
"4-Jan-88",1748400,11.55,7290500,3.28
"5-Jan-88",1675600,11.64,6438900,3.32
"6-Jan-88",1471000,11.73,4444800,3.36
"7-Jan-88",1998800,12.1,7551300,3.42
"8-Jan-88",2660000,11.32,7831000,3.21
"11-Jan-88",2180000,11.46,5645300,3.33
"12-Jan-88",1565000,11.41,6429100,3.3
"13-Jan-88",1580600,11.57,5378900,3.28
"14-Jan-88",1300000,11.39,3605700,3.28
"15-Jan-88",2300000,11.57,9032900,3.46
"18-Jan-88",820000,11.76,6103600,3.6
"19-Jan-88",1391600,11.51,6269000,3.57
"20-Jan-88",1528400,11.21,6600000,3.37
"21-Jan-88",1556000,11.05,5670500,3.48
"22-Jan-88",970000,11.23,5591100,3.49
"25-Jan-88",1522800,11.6,4789500,3.56
"26-Jan-88",1528800,11.85,4491300,3.6
"27-Jan-88",1615400,11.71,3380600,3.57
"28-Jan-88",1246600,11.96,2663600,3.59
"29-Jan-88",1285600,12.01,3139700,3.58
"1-Feb-88",1180000,11.85,3740700,3.62
"2-Feb-88",1479400,11.76,3013200,3.61
"3-Feb-88",7585400,11.94,3915500,3.54
"4-Feb-88",69305000,11.96,3048800,3.56
"5-Feb-88",13048800,11.75,3332700,3.45
"8-Feb-88",1509000,11.4,3670800,3.39
"9-Feb-88",1630400,11.71,2653800,3.5
"10-Feb-88",1881000,12.31,3740700,3.59
"11-Feb-88",2020000,12.22,4704500,3.61
"12-Feb-88",2240000,12.5,4331500,3.66
"16-Feb-88",1718400,12.89,3550800,3.71
"17-Feb-88",2240000,12.85,6688500,3.75
"18-Feb-88",1415600,12.57,8795200,3.56
"19-Feb-88",1584400,12.87,7988700,3.77
"22-Feb-88",2100000,13.15,4616400,3.73
"23-Feb-88",1627800,13.06,3705700,3.75
"24-Feb-88",1189600,13.03,4300000,3.8
"25-Feb-88",1969400,12.78,4947100,3.73
"26-Feb-88",986600,12.87,2452700,3.73
"29-Feb-88",1857800,13.45,3635800,3.8
"1-Mar-88",1479000,13.24,5174000,3.83
"2-Mar-88",1064400,13.24,4195200,3.87
"3-Mar-88",860000,13.17,4335000,3.88
"4-Mar-88",1326200,13.31,4439900,3.88
"7-Mar-88",1041600,13.41,1823500,3.88
"8-Mar-88",1397200,13.54,2536600,3.86
"9-Mar-88",918200,13.5,4587800,3.8
"10-Mar-88",1256800,13.08,5200900,3.66
"11-Mar-88",1523800,13.36,3227100,3.74
"14-Mar-88",858200,13.36,3302300,3.73
"15-Mar-88",788200,13.36,3522500,3.71
"16-Mar-88",1451800,13.73,5636900,3.72
"17-Mar-88",1566000,13.68,3810600,3.76
"18-Mar-88",3000000,13.41,6924800,3.77
"21-Mar-88",1137600,13.41,4252500,3.72
"22-Mar-88",907800,13.45,3032400,3.69
"23-Mar-88",784400,13.47,2635900,3.69
"24-Mar-88",1241000,13.22,3004100,3.63
"25-Mar-88",1122200,12.89,3344200,3.54
"28-Mar-88",1579600,12.94,3443500,3.56
"29-Mar-88",1343400,13.19,2673700,3.58
"30-Mar-88",1851800,13.15,3775600,3.68
"31-Mar-88",1309000,13.29,3285500,3.61
"4-Apr-88",1467400,13.1,4597200,3.67
"5-Apr-88",960400,13.15,3549800,3.74
"6-Apr-88",2040000,13.78,6565100,3.9
"7-Apr-88",1715600,13.8,3705700,3.83
"8-Apr-88",1532400,14.01,4999200,3.93
"11-Apr-88",1061200,14.01,4370000,3.98
"12-Apr-88",1246800,14.1,3279200,3.98
"13-Apr-88",1100400,14.03,4995700,3.97
"14-Apr-88",2300000,13.33,6739200,3.77
"15-Apr-88",2600000,13.54,7489400,3.81
"18-Apr-88",1305000,13.38,2562200,3.86
"19-Apr-88",1624400,13.36,4439900,3.81
"20-Apr-88",1425000,13.45,3670800,3.77
"21-Apr-88",2420000,13.43,4649600,3.81
"22-Apr-88",1516200,13.66,3277500,3.87
"25-Apr-88",1586000,13.89,6662300,3.97
"26-Apr-88",2627600,14.27,4350400,3.99
"27-Apr-88",2020000,14.29,6420700,4.05
"28-Apr-88",1224400,14.06,5746700,4.07
"29-Apr-88",1041000,13.96,3798400,4.03
"2-May-88",1925600,14.1,3672500,4.07
"3-May-88",1161000,14.31,5068100,4.15
"4-May-88",787600,14.15,4504200,4.09
"5-May-88",53353200,14.1,3330600,4.09
"6-May-88",950600,14.08,2986600,4.01
"9-May-88",734400,13.96,2420200,4
"10-May-88",964400,13.89,2830300,4.04
"11-May-88",1162200,13.75,3113800,3.99
"12-May-88",782200,13.82,3310300,4.03
"13-May-88",1426200,14.25,4346200,4.1
"16-May-88",1630400,14.53,3613400,4.16
"17-May-88",2265400,14.48,4726200,4.14
"18-May-88",2030600,14.2,3490700,4.03
"19-May-88",1515400,14.2,4627600,4.03
"20-May-88",1128800,14.13,3580600,4.01
"23-May-88",941000,14.13,2220600,3.95
"24-May-88",969000,14.03,3081700,3.92
"25-May-88",931600,13.89,3146400,3.96
"26-May-88",996000,13.79,2086700,3.95
"27-May-88",535600,13.77,1685000,3.92
"31-May-88",1603400,14.22,4090300,4.11
"1-Jun-88",2580000,14.55,7323000,4.16
"2-Jun-88",1203200,14.43,4509800,4.18
"3-Jun-88",1105400,14.43,3530900,4.2
"6-Jun-88",1182800,14.58,7319200,4.31
"7-Jun-88",960400,14.29,5331400,4.3
"8-Jun-88",2720000,14.69,7104900,4.39
"9-Jun-88",2420000,14.65,6292800,4.41
"10-Jun-88",1321800,14.81,4007800,4.42
"13-Jun-88",1076000,15.03,4276600,4.39
"14-Jun-88",3021600,15.07,6644400,4.48
"15-Jun-88",1160400,15.17,3335100,4.54
"16-Jun-88",1304400,14.96,3690000,4.45
"17-Jun-88",2565000,15.17,5338300,4.49
"20-Jun-88",884000,15.05,3431600,4.43
"21-Jun-88",1117800,15.12,3844200,4.52
"22-Jun-88",2183200,15.26,4877600,4.6
"23-Jun-88",1129400,15.12,2876500,4.54
"24-Jun-88",910600,15,2627200,4.46
"27-Jun-88",981200,14.86,3425000,4.42
"28-Jun-88",1280000,14.98,3133800,4.56
"29-Jun-88",1266800,14.88,3374600,4.49
"30-Jun-88",1584000,15.17,3280200,4.55
"1-Jul-88",869400,15.1,3338600,4.5
"5-Jul-88",1178800,15.12,4214000,4.61
"6-Jul-88",1500400,14.96,3960900,4.56
"7-Jul-88",1101600,14.96,3773500,4.57
"8-Jul-88",747600,14.72,3361000,4.51
"11-Jul-88",949600,14.65,3497700,4.45
"12-Jul-88",1881000,14.93,4565400,4.4
"13-Jul-88",1332400,14.93,3717900,4.41
"14-Jul-88",944000,14.84,2206600,4.39
"15-Jul-88",1719600,15.05,3169400,4.44
"18-Jul-88",851600,15.07,2456600,4.4
"19-Jul-88",1205000,14.96,3754000,4.43
"20-Jul-88",866800,15,2424100,4.49
"21-Jul-88",1641200,15.07,2075500,4.44
"22-Jul-88",1363200,14.88,3036900,4.36
"25-Jul-88",1241200,15.14,2746800,4.33
"26-Jul-88",781600,15.03,8346300,4.39
"27-Jul-88",1563400,15,24921500,4.37
"28-Jul-88",1129600,15.14,3991000,4.5
"29-Jul-88",2428400,15.17,4177000,4.58
"1-Aug-88",1209600,15.14,2605500,4.62
"2-Aug-88",1022600,15,3053000,4.59
"3-Aug-88",1468200,15.1,4452500,4.65
"4-Aug-88",15899000,15,3709600,4.68
"5-Aug-88",7318800,15.03,2420900,4.64
"8-Aug-88",897200,15,1722100,4.58
"9-Aug-88",1527800,14.86,4446200,4.48
"10-Aug-88",1726200,14.57,5550500,4.34
"11-Aug-88",1681000,14.59,6121800,4.34
"12-Aug-88",1195000,14.57,2705200,4.35
"15-Aug-88",1443800,14.5,2262600,4.28
"16-Aug-88",1366600,14.43,3875600,4.29
"17-Aug-88",1588400,14.23,3627400,4.23
"18-Aug-88",748200,14.38,1879100,4.28
"19-Aug-88",1142800,13.85,3338600,4.2
"22-Aug-88",1513800,13.68,4517500,4.05
"23-Aug-88",1146000,13.9,4111200,4.09
"24-Aug-88",892600,14.04,3958100,4.23
"25-Aug-88",804000,13.92,3210000,4.19
"26-Aug-88",520600,13.85,1885000,4.17
"29-Aug-88",569000,13.97,2438800,4.25
"30-Aug-88",631600,14.02,2192300,4.24
"31-Aug-88",643400,14.02,2165400,4.25
"1-Sep-88",1456800,13.82,3890300,4.22
"2-Sep-88",973800,14.11,3868300,4.33
"6-Sep-88",790000,14.28,2976400,4.37
"7-Sep-88",624400,14.18,2597800,4.35
"8-Sep-88",706200,14.16,2353800,4.33
"9-Sep-88",1047200,14.09,2379300,4.34
"12-Sep-88",836600,14.26,5702300,4.43
"13-Sep-88",986000,14.35,3618300,4.45
"14-Sep-88",1360400,14.47,3817900,4.47
"15-Sep-88",706800,14.38,1942300,4.43
"16-Sep-88",2385400,14.5,9477300,4.33
"19-Sep-88",965400,14.3,4578000,4.28
"20-Sep-88",581600,14.28,2951300,4.3
"21-Sep-88",748400,14.21,4405300,4.32
"22-Sep-88",1413400,13.99,4943600,4.28
"23-Sep-88",1264000,14.16,3421100,4.38
"26-Sep-88",1141200,14.26,2187400,4.38
"27-Sep-88",1066200,14.16,1800400,4.37
"28-Sep-88",833800,14.11,1890600,4.38
"29-Sep-88",1986600,14.33,3036200,4.45
"30-Sep-88",4042200,14.43,4376200,4.42
"3-Oct-88",1277200,14.45,3451200,4.48
"4-Oct-88",891600,14.43,2978200,4.44
"5-Oct-88",1120400,14.33,2592200,4.48
"6-Oct-88",4257200,14.26,3257500,4.48
"7-Oct-88",2200000,14.54,5389700,4.59
"10-Oct-88",941200,14.54,2088500,4.62
"11-Oct-88",1159400,14.47,2269900,4.61
"12-Oct-88",1528800,14.21,2968100,4.48
"13-Oct-88",947800,14.33,5883700,4.39
"14-Oct-88",1028200,14.35,3504300,4.46
"17-Oct-88",723200,14.43,1887400,4.48
"18-Oct-88",1187800,14.79,2740500,4.52
"19-Oct-88",1607200,14.59,3462700,4.45
"20-Oct-88",1714600,14.76,4364400,4.63
"21-Oct-88",2190400,14.81,4586700,4.62
"24-Oct-88",970600,14.76,3232000,4.63
"25-Oct-88",1044000,14.93,11322100,4.72
"26-Oct-88",826200,14.93,4712900,4.64
"27-Oct-88",5321600,15.48,3643800,4.65
"28-Oct-88",7286600,16.13,4789500,4.57
"31-Oct-88",2181600,16.04,3379200,4.5
"1-Nov-88",1656600,16.16,4115100,4.5
"2-Nov-88",3740400,16.32,4774800,4.49
"3-Nov-88",1176600,16.28,3793800,4.41
"4-Nov-88",1726200,16.04,5679600,4.33
"7-Nov-88",1569400,15.87,5226500,4.45
"8-Nov-88",1050000,15.96,2334900,4.47
"9-Nov-88",2743400,15.96,2536300,4.47
"10-Nov-88",1304000,15.99,2690100,4.45
"11-Nov-88",1364000,15.79,3954300,4.36
"14-Nov-88",1203200,15.69,3649100,4.34
"15-Nov-88",966000,15.84,2464600,4.39
"16-Nov-88",2188200,15.48,3951100,4.32
"17-Nov-88",1876800,15.62,3411300,4.31
"18-Nov-88",1281000,15.65,1957700,4.32
"21-Nov-88",1196600,15.74,2499200,4.33
"22-Nov-88",1792400,15.89,3114900,4.4
"23-Nov-88",1998200,16.06,2926500,4.47
"25-Nov-88",976600,16.04,1832600,4.37
"28-Nov-88",1468800,16.06,3534800,4.36
"29-Nov-88",2603800,16.38,2792600,4.48
"30-Nov-88",1844400,16.45,4554500,4.54
"1-Dec-88",1801200,16.5,4128000,4.55
"2-Dec-88",1349000,16.33,4901300,4.53
"5-Dec-88",1937800,16.75,4290900,4.6
"6-Dec-88",2448400,17.04,4355600,4.62
"7-Dec-88",1673800,16.87,3253300,4.6
"8-Dec-88",1446800,16.79,1895100,4.54
"9-Dec-88",1079000,16.89,1557800,4.57
"12-Dec-88",1041600,16.89,2413900,4.57
"13-Dec-88",1407400,16.87,3304700,4.59
"14-Dec-88",1587400,16.79,2558300,4.52
"15-Dec-88",1368200,16.72,3614500,4.45
"16-Dec-88",1961800,16.75,5617300,4.43
"19-Dec-88",1750000,17.14,3427400,4.51
"20-Dec-88",1587400,16.99,4022800,4.52
"21-Dec-88",1126600,16.82,2609400,4.48
"22-Dec-88",1228200,16.75,2620200,4.45
"23-Dec-88",876600,16.62,1557400,4.45
"27-Dec-88",642200,16.67,1484700,4.44
"28-Dec-88",807200,16.65,1794800,4.42
"29-Dec-88",1140400,16.65,2101400,4.5
"30-Dec-88",924400,16.31,3168700,4.41
"3-Jan-89",2663400,16.06,3705000,4.4
"4-Jan-89",1681000,16.38,4179400,4.47
"5-Jan-89",1610400,16.43,3679100,4.5
"6-Jan-89",2128400,16.75,4289200,4.49
"9-Jan-89",1817400,16.82,4057800,4.47
"10-Jan-89",1644400,16.72,3566600,4.47
"11-Jan-89",1401200,16.87,6480800,4.6
"12-Jan-89",2365600,17.11,6772800,4.62
"13-Jan-89",1967800,17.18,5324400,4.62
"16-Jan-89",890600,17.16,3522900,4.6
"17-Jan-89",848200,17.06,2626100,4.55
"18-Jan-89",1956600,17.26,5292500,4.63
"19-Jan-89",1562400,17.28,2601300,4.62
"20-Jan-89",1505600,17.26,3324600,4.59
"23-Jan-89",710600,17.26,9716700,4.56
"24-Jan-89",1591000,17.48,3673500,4.61
"25-Jan-89",1982400,17.55,4057800,4.6
"26-Jan-89",1488200,17.48,4777600,4.57
"27-Jan-89",3407800,17.82,8741000,4.65
"30-Jan-89",2409000,17.7,6944800,4.75
"31-Jan-89",1944400,17.84,8418300,4.84
"1-Feb-89",1762400,17.79,7007300,4.88
"2-Feb-89",2100000,17.65,4929000,4.88
"3-Feb-89",1403800,17.43,3310300,4.84
"6-Feb-89",1367200,17.48,2737000,4.85
"7-Feb-89",5381200,18.33,6834600,4.95
"8-Feb-89",2501000,18.23,5804000,4.97
"9-Feb-89",3002800,18.14,3935000,4.88
"10-Feb-89",2242200,17.94,4181500,4.76
"13-Feb-89",2087800,18.21,3333700,4.77
"14-Feb-89",3724400,17.59,3978700,4.74
"15-Feb-89",2741600,17.74,2759000,4.8
"16-Feb-89",2019400,17.64,2554800,4.75
"17-Feb-89",1547200,17.59,3326000,4.78
"21-Feb-89",1047200,17.67,2319900,4.76
"22-Feb-89",2362400,17.22,3760600,4.67
"23-Feb-89",1491800,17.22,2006000,4.71
"24-Feb-89",2574000,16.72,3966200,4.59
"27-Feb-89",1440400,16.9,3972800,4.6
"28-Feb-89",1031800,16.94,3199800,4.57
"1-Mar-89",1376600,16.77,4009200,4.56
"2-Mar-89",1066000,16.85,3029600,4.6
"3-Mar-89",1034000,16.94,2640500,4.63
"6-Mar-89",1275600,17.14,2798800,4.59
"7-Mar-89",883400,16.97,3748700,4.52
"8-Mar-89",1103800,16.92,3122900,4.5
"9-Mar-89",596800,16.97,2154900,4.53
"10-Mar-89",1118200,16.82,2546400,4.5
"13-Mar-89",977600,16.94,3083800,4.53
"14-Mar-89",984600,16.82,3803600,4.46
"15-Mar-89",1329600,16.75,7588000,4.45
"16-Mar-89",1425600,16.77,3883000,4.53
"17-Mar-89",3426200,16.6,6773500,4.42
"20-Mar-89",1248800,16.47,4695400,4.35
"21-Mar-89",863200,16.47,3099500,4.33
"22-Mar-89",1021000,16.47,3319400,4.29
"23-Mar-89",607400,16.45,3507500,4.3
"27-Mar-89",766600,16.5,1986000,4.33
"28-Mar-89",979000,16.57,3364500,4.33
"29-Mar-89",660500,16.53,2098200,4.3
"30-Mar-89",1038400,16.28,2662200,4.32
"31-Mar-89",938100,16.47,1710500,4.33
"3-Apr-89",742000,16.43,2521300,4.38
"4-Apr-89",701100,16.18,6493100,4.31
"5-Apr-89",1244200,15.83,4770900,4.21
"6-Apr-89",1160300,15.68,4689500,4.15
"7-Apr-89",1094400,15.98,3964400,4.23
"10-Apr-89",534400,15.98,2246500,4.2
"11-Apr-89",700200,15.98,2380000,4.19
"12-Apr-89",769400,15.88,3218400,4.15
"13-Apr-89",785800,15.88,3880200,4.16
"14-Apr-89",1127000,16.23,3632300,4.25
"17-Apr-89",791200,16.28,2082500,4.24
"18-Apr-89",1082200,16.72,3857100,4.31
"19-Apr-89",969800,16.77,4191700,4.31
"20-Apr-89",1366300,16.87,4664300,4.28
"21-Apr-89",1707000,17.02,4748900,4.34
"24-Apr-89",746100,17.02,3079900,4.29
"25-Apr-89",1121100,16.53,8457100,4.32
"26-Apr-89",685500,16.57,3222600,4.38
"27-Apr-89",786200,16.63,6997900,4.31
"28-Apr-89",541700,16.47,6333700,4.3
"1-May-89",860900,16.38,3014200,4.29
"2-May-89",631600,16.33,2757900,4.26
"3-May-89",758300,16.28,4405600,4.23
"4-May-89",1130900,16.18,2883100,4.22
"5-May-89",1121600,16.03,3242500,4.21
"8-May-89",893400,16.13,2824700,4.18
"9-May-89",693400,16.13,3070800,4.17
"10-May-89",830300,15.97,3125400,4.17
"11-May-89",693400,15.97,2021700,4.21
"12-May-89",1161900,16.13,5005900,4.3
"15-May-89",1222700,16.48,2796800,4.36
"16-May-89",1120000,16.58,3548000,4.38
"17-May-89",1301300,16.78,3659600,4.48
"18-May-89",1077300,16.84,3562400,4.48
"19-May-89",2731900,17.04,4990100,4.5
"22-May-89",1133300,17.14,2575100,4.44
"23-May-89",1464800,16.53,3247400,4.33
"24-May-89",1063100,16.43,5334500,4.26
"25-May-89",701100,16.33,2501000,4.23
"26-May-89",1096700,16.38,2407300,4.33
"30-May-89",1073000,16.33,3094300,4.36
"31-May-89",1001900,16.33,3960900,4.39
"1-Jun-89",1034200,16.68,4250000,4.44
"2-Jun-89",881400,16.63,6286500,4.47
"5-Jun-89",722200,16.38,2623000,4.45
"6-Jun-89",844800,16.53,3601200,4.5
"7-Jun-89",962000,16.63,3942000,4.41
"8-Jun-89",957500,16.78,4614700,4.36
"9-Jun-89",952700,16.68,3459200,4.36
"12-Jun-89",1005200,17.04,4516800,4.4
"13-Jun-89",973400,17.09,4459800,4.4
"14-Jun-89",713300,16.94,2385300,4.44
"15-Jun-89",1021400,16.63,6588500,4.41
"16-Jun-89",2158600,16.94,6980400,4.4
"19-Jun-89",635500,16.73,2108700,4.39
"20-Jun-89",965900,16.43,3263800,4.42
"21-Jun-89",1077700,16.18,3881900,4.39
"22-Jun-89",817000,16.28,2539100,4.38
"23-Jun-89",1262300,16.68,1963700,4.43
"26-Jun-89",900200,16.78,1827700,4.39
"27-Jun-89",1244200,16.84,2689100,4.39
"28-Jun-89",787200,16.73,4324200,4.43
"29-Jun-89",1403300,16.58,2603800,4.34
"30-Jun-89",883900,16.88,2532500,4.36
"3-Jul-89",411300,16.88,1417600,4.38
"5-Jul-89",824200,16.68,2432100,4.34
"6-Jul-89",803100,16.53,2506900,4.33
"7-Jul-89",1198000,16.23,2599200,4.3
"10-Jul-89",1010900,16.33,2289800,4.29
"11-Jul-89",929700,16.58,2598900,4.32
"12-Jul-89",904500,16.84,1748300,4.36
"13-Jul-89",815200,16.99,2029400,4.36
"14-Jul-89",2172800,17.59,5334500,4.4
"17-Jul-89",939500,17.39,2427200,4.41
"18-Jul-89",702700,17.24,1901400,4.39
"19-Jul-89",1058600,17.59,3066600,4.5
"20-Jul-89",1614400,17.54,4558700,4.42
"21-Jul-89",1418300,18.15,2653100,4.5
"24-Jul-89",835600,17.79,2201700,4.45
"25-Jul-89",813400,17.79,4334600,4.48
"26-Jul-89",933300,18.1,10586500,4.54
"27-Jul-89",2074400,18.25,4277300,4.58
"28-Jul-89",1101400,18.05,4872700,4.53
"31-Jul-89",931700,18.15,2926500,4.56
"1-Aug-89",1621100,18.05,6249700,4.52
"2-Aug-89",803400,18.05,2536600,4.57
"3-Aug-89",1191600,18.2,5369500,4.57
"4-Aug-89",1173600,18.2,2546800,4.56
"7-Aug-89",1370500,18.2,3949700,4.59
"8-Aug-89",1584500,18.1,4543700,4.59
"9-Aug-89",1685500,18.25,4637400,4.56
"10-Aug-89",1072000,18.2,3034100,4.58
"11-Aug-89",1424800,18.35,5581300,4.57
"14-Aug-89",1047800,18.25,2417400,4.58
"15-Aug-89",1755800,18.71,6419000,4.66
"16-Aug-89",2644200,18.82,6455700,4.72
"17-Aug-89",890000,18.71,3941000,4.66
"18-Aug-89",1257000,18.66,3654000,4.69
"21-Aug-89",939200,18.35,3396700,4.68
"22-Aug-89",764700,18.15,4294100,4.68
"23-Aug-89",1301900,18.3,4420600,4.74
"24-Aug-89",2499400,19.23,8989600,4.78
"25-Aug-89",2523000,19.69,4491300,4.82
"28-Aug-89",1093400,19.69,2494300,4.84
"29-Aug-89",1350300,19.38,6348000,4.77
"30-Aug-89",2723300,20.05,5273700,4.84
"31-Aug-89",2513300,20.15,4673100,4.92
"1-Sep-89",2011900,20.56,4064400,4.96
"5-Sep-89",1817300,20.56,3163500,4.9
"6-Sep-89",2523800,20.62,3204000,4.84
"7-Sep-89",1385500,20.56,2172700,4.83
"8-Sep-89",1575500,20.51,3112400,4.9
"11-Sep-89",1038700,20.25,1661900,4.91
"12-Sep-89",1112700,20.31,2090200,4.89
"13-Sep-89",993900,20.15,4048700,4.76
"14-Sep-89",963700,19.95,2702700,4.76
"15-Sep-89",1957300,20.21,6200500,4.75
"18-Sep-89",652200,20.25,2358700,4.75
"19-Sep-89",591100,20.1,1989500,4.72
"20-Sep-89",1053000,19.74,2085300,4.65
"21-Sep-89",926600,19.54,3217300,4.64
"22-Sep-89",626900,19.59,3749800,4.7
"25-Sep-89",823700,19.38,2339500,4.65
"26-Sep-89",1063900,19.84,2799200,4.67
"27-Sep-89",634400,19.74,2438400,4.66
"28-Sep-89",664800,19.74,2242300,4.66
"29-Sep-89",1086900,19.18,1798600,4.65
"2-Oct-89",653000,19.38,2103800,4.68
"3-Oct-89",812700,19.74,4039600,4.81
"4-Oct-89",1120600,19.84,3715500,4.86
"5-Oct-89",894500,19.84,2874000,4.85
"6-Oct-89",879800,20,2639800,4.86
"9-Oct-89",233400,19.9,1933600,4.86
"10-Oct-89",507800,19.64,2580000,4.83
"11-Oct-89",556300,19.38,1736400,4.8
"12-Oct-89",690600,19.23,2791500,4.75
"13-Oct-89",1469400,17.68,5268400,4.48
"16-Oct-89",2908000,18.66,9473100,4.64
"17-Oct-89",1424800,18.51,7341200,4.56
"18-Oct-89",759700,18.46,2268900,4.54
"19-Oct-89",845000,18.71,3393900,4.57
"20-Oct-89",1192800,18.77,2667700,4.57
"23-Oct-89",547800,18.71,2255900,4.56
"24-Oct-89",1603900,19.23,5389000,4.49
"25-Oct-89",878100,18.46,2869100,4.44
"26-Oct-89",1170600,18.25,4330800,4.41
"27-Oct-89",735000,18.1,3236200,4.37
"30-Oct-89",484400,18.05,2429000,4.34
"31-Oct-89",881700,18.25,3884000,4.4
"1-Nov-89",555200,18.51,4135400,4.37
"2-Nov-89",460500,18.2,3235500,4.31
"3-Nov-89",408000,18.25,5575700,4.23
"6-Nov-89",1060200,17.68,7553800,4.07
"7-Nov-89",706700,18.05,4034700,4.15
"8-Nov-89",1168600,18.4,3482300,4.18
"9-Nov-89",756400,18.4,2510800,4.14
"10-Nov-89",631300,18.51,2221300,4.18
"13-Nov-89",761400,18.46,2555900,4.15
"14-Nov-89",483400,18.14,1974800,4.11
"15-Nov-89",891400,18.14,1959800,4.13
"16-Nov-89",481400,17.99,1897200,4.14
"17-Nov-89",958300,18.09,2643600,4.16
"20-Nov-89",720800,17.99,1679400,4.08
"21-Nov-89",608600,17.99,1992700,4.06
"22-Nov-89",553300,17.88,1994400,4.07
"24-Nov-89",739500,17.99,1489900,4.11
"27-Nov-89",1114800,18.35,2816700,4.21
"28-Nov-89",1025900,18.4,3344200,4.23
"29-Nov-89",630000,18.25,2276200,4.16
"30-Nov-89",777200,18.35,1818600,4.14
"1-Dec-89",925000,18.56,3543800,4.22
"4-Dec-89",684100,18.56,3148800,4.23
"5-Dec-89",892800,18.67,3210700,4.2
"6-Dec-89",632000,18.56,4114400,4.2
"7-Dec-89",548100,18.72,1580500,4.19
"8-Dec-89",330000,18.77,1711200,4.16
"11-Dec-89",648600,18.61,1977600,4.11
"12-Dec-89",650900,18.46,2888700,4.14
"13-Dec-89",1122300,18.67,1757000,4.15
"14-Dec-89",1603300,18.2,2713500,4.08
"15-Dec-89",2432500,17.78,5361800,4.05
"18-Dec-89",1156600,17.46,2888700,3.97
"19-Dec-89",1542700,17.25,4025600,3.86
"20-Dec-89",843700,17.36,3943100,3.89
"21-Dec-89",823400,17.73,2909700,3.98
"22-Dec-89",713000,17.62,2426200,3.98
"26-Dec-89",393800,17.88,1376000,3.99
"27-Dec-89",425800,17.94,1998600,4.01
"28-Dec-89",540200,17.67,2308700,4.05
"29-Dec-89",462700,17.67,2312900,4.05
"2-Jan-90",1054500,18.61,3981900,4.2
"3-Jan-90",1244700,18.51,5124000,4.22
"4-Jan-90",811200,18.46,2508700,4.22
"5-Jan-90",849400,18.2,2437400,4.16
"8-Jan-90",775500,18.25,2144000,4.16
"9-Jan-90",861400,18.35,3368300,4.09
"10-Jan-90",1343300,18.2,1882200,4.13
"11-Jan-90",720000,18.14,1878700,4.18
"12-Jan-90",1310900,17.41,2050400,4.06
"15-Jan-90",800500,17.25,2558700,4.01
"16-Jan-90",1152000,17.78,2510800,4.18
"17-Jan-90",1469100,17.57,1800400,4.11
"18-Jan-90",1268000,17.62,3181000,4.11
"19-Jan-90",1412700,17.78,2597500,4.14
"22-Jan-90",1128100,17.25,2485600,4.04
"23-Jan-90",1488800,17.25,4227300,4.08
"24-Jan-90",1410000,17.1,3798400,3.99
"25-Jan-90",950800,17.2,3090100,3.94
"26-Jan-90",760900,17.46,2307300,4
"29-Jan-90",912300,17.25,2709000,4.02
"30-Jan-90",1342300,16.99,1749700,4.01
"31-Jan-90",995500,17.41,3579500,4.07
"1-Feb-90",859400,17.52,1937100,4.04
"2-Feb-90",1353000,17.52,2864200,4.07
"5-Feb-90",471700,17.52,1313000,4.11
"6-Feb-90",617800,17.36,1578700,4.05
"7-Feb-90",1129500,17.99,2989400,4.24
"8-Feb-90",1303300,17.99,2733800,4.15
"9-Feb-90",1033300,18.25,1544100,4.15
"12-Feb-90",1195800,18.47,1933600,4.15
"13-Feb-90",1153100,18.52,1693400,4.17
"14-Feb-90",461900,18.31,1488900,4.21
"15-Feb-90",1535000,18.73,4125600,4.27
"16-Feb-90",1711100,18.31,3503600,4.19
"20-Feb-90",737000,18.2,2453800,4.15
"21-Feb-90",1459200,18.62,2320600,4.27
"22-Feb-90",1156400,18.52,2004200,4.21
"23-Feb-90",904800,18.47,1868900,4.22
"26-Feb-90",1400000,18.94,2373000,4.33
"27-Feb-90",1929200,19.16,3632600,4.35
"28-Feb-90",1372200,19.11,3118400,4.34
"1-Mar-90",774500,19.16,2426200,4.33
"2-Mar-90",2472000,19.58,4737700,4.45
"5-Mar-90",1230600,19.48,3926700,4.42
"6-Mar-90",1486100,19.58,2992900,4.5
"7-Mar-90",1042300,19.26,2330700,4.45
"8-Mar-90",1285200,19.53,1716500,4.5
"9-Mar-90",1453900,19.69,2483500,4.47
"12-Mar-90",1583000,20.01,3205400,4.53
"13-Mar-90",2281600,20.06,3023300,4.54
"14-Mar-90",1034200,19.96,2053200,4.5
"15-Mar-90",1181900,20.28,2569900,4.52
"16-Mar-90",2537000,20.22,4009900,4.59
"19-Mar-90",1023400,20.22,1911600,4.55
"20-Mar-90",1484100,20.28,2537700,4.58
"21-Mar-90",975600,19.96,2545000,4.53
"22-Mar-90",1294700,19.8,6110300,4.58
"23-Mar-90",820200,19.74,1951400,4.55
"26-Mar-90",1480800,20.22,2171700,4.58
"27-Mar-90",795000,20.38,2171000,4.6
"28-Mar-90",852500,20.28,1506400,4.6
"29-Mar-90",642300,19.85,1621400,4.53
"30-Mar-90",832700,19.53,1935300,4.46
"2-Apr-90",1440500,19.37,2523400,4.47
"3-Apr-90",943700,19.42,1755600,4.52
"4-Apr-90",851700,19.64,2635200,4.48
"5-Apr-90",674100,19.58,2176900,4.44
"6-Apr-90",682000,19.64,1154300,4.42
"9-Apr-90",672800,19.85,1327000,4.42
"10-Apr-90",718400,19.69,1127400,4.42
"11-Apr-90",563300,19.58,1327400,4.39
"12-Apr-90",505000,19.64,884100,4.39
"16-Apr-90",885900,19.69,3178500,4.41
"17-Apr-90",934100,19.53,1787500,4.45
"18-Apr-90",1574700,19.58,4238900,4.53
"19-Apr-90",1316100,19.96,3225400,4.55
"20-Apr-90",2136400,19.9,4110500,4.53
"23-Apr-90",1003400,19.64,2026900,4.48
"24-Apr-90",675000,19.64,1984600,4.41
"25-Apr-90",744500,19.37,3643100,4.39
"26-Apr-90",1022200,19.42,2487000,4.37
"27-Apr-90",809800,19.16,1788500,4.26
"30-Apr-90",916200,18.84,2453100,4.23
"1-May-90",1032500,18.84,2233200,4.26
"2-May-90",1563900,19.05,2058400,4.37
"3-May-90",1091200,19.21,2523000,4.38
"4-May-90",1361700,19.48,1577300,4.4
"7-May-90",1221900,19.69,1388600,4.39
"8-May-90",678900,19.9,2155900,4.45
"9-May-90",946600,19.74,1975500,4.4
"10-May-90",1261900,19.9,1554600,4.37
"11-May-90",1326100,20.44,3182700,4.45
"14-May-90",1715500,20.72,4143100,4.56
"15-May-90",1351100,20.72,2744300,4.58
"16-May-90",1447700,20.93,2183600,4.58
"17-May-90",1241900,20.98,2332800,4.58
"18-May-90",1404400,20.72,3241400,4.52
"21-May-90",1315300,21.2,1653600,4.57
"22-May-90",1442000,21.15,2862500,4.57
"23-May-90",1325600,21.2,2647100,4.52
"24-May-90",1118100,20.93,2524100,4.46
"25-May-90",1192700,21.09,2229000,4.47
"29-May-90",1390600,21.42,3093200,4.52
"30-May-90",1275000,21.31,3207900,4.46
"31-May-90",738100,21.04,2494000,4.43
"1-Jun-90",1523600,21.47,6442000,4.5
"4-Jun-90",1617000,21.8,3219100,4.6
"5-Jun-90",1709200,21.58,2428300,4.55
"6-Jun-90",939200,21.58,2820200,4.46
"7-Jun-90",767300,21.36,2499600,4.45
"8-Jun-90",679500,20.98,1487800,4.4
"11-Jun-90",858100,21.26,2296500,4.41
"12-Jun-90",1059100,21.74,2685600,4.47
"13-Jun-90",1370300,21.63,1997200,4.45
"14-Jun-90",789200,21.47,2530700,4.45
"15-Jun-90",2163800,21.74,5522200,4.39
"18-Jun-90",951200,21.26,3469000,4.31
"19-Jun-90",767200,21.31,1913300,4.32
"20-Jun-90",597700,21.42,1718900,4.31
"21-Jun-90",729800,21.42,2169200,4.27
"22-Jun-90",1111100,20.77,2521600,4.26
"25-Jun-90",960800,20.72,2006000,4.2
"26-Jun-90",1204500,20.28,1684700,4.16
"27-Jun-90",799400,20.39,1678700,4.2
"28-Jun-90",582200,20.44,1292800,4.21
"29-Jun-90",721400,20.61,2047200,4.2
"2-Jul-90",467000,20.88,2219200,4.26
"3-Jul-90",514100,20.93,1461300,4.32
"5-Jul-90",800800,20.44,2435600,4.22
"6-Jul-90",414700,20.72,1104000,4.22
"9-Jul-90",723600,21.2,1417900,4.25
"10-Jul-90",693400,20.82,1998600,4.15
"11-Jul-90",677500,20.93,4964300,4.13
"12-Jul-90",702700,21.09,2612900,4.22
"13-Jul-90",1643800,21.26,2172000,4.25
"16-Jul-90",1004700,21.47,2208400,4.19
"17-Jul-90",665200,21.42,2805500,4.19
"18-Jul-90",570200,21.31,2360100,4.17
"19-Jul-90",932500,21.52,2032500,4.25
"20-Jul-90",1647500,21.47,3802900,4.15
"23-Jul-90",1239700,20.98,4092400,4.11
"24-Jul-90",1000600,20.72,2831000,4.07
"25-Jul-90",772700,20.61,2368800,4.05
"26-Jul-90",894800,20.44,6736000,4.02
"27-Jul-90",792300,20.5,3076400,4.05
"30-Jul-90",850900,20.5,2046200,4.07
"31-Jul-90",759400,20.17,2793300,4.05
"1-Aug-90",1091400,19.63,2618100,4.02
"2-Aug-90",2157800,18.98,5282400,3.9
"3-Aug-90",2221600,18.77,5386600,3.9
"6-Aug-90",1493000,17.95,4998900,3.75
"7-Aug-90",2603400,17.36,4395800,3.71
"8-Aug-90",1461400,17.74,3776000,3.72
"9-Aug-90",1724100,17.69,2632100,3.74
"10-Aug-90",1245600,17.41,2080800,3.69
"13-Aug-90",1097800,17.41,2295800,3.66
"14-Aug-90",1023100,17.69,2671600,3.69
"15-Aug-90",746600,17.63,2800200,3.72
"16-Aug-90",1057300,16.81,2271000,3.61
"17-Aug-90",2861900,16.53,4758400,3.54
"20-Aug-90",1140000,16.58,2333500,3.52
"21-Aug-90",2117700,16.03,3706100,3.42
"22-Aug-90",1816900,16.14,4786300,3.35
"23-Aug-90",2634800,15.98,5447400,3.24
"24-Aug-90",1644800,16.47,5647400,3.36
"27-Aug-90",1883800,17.25,5417000,3.47
"28-Aug-90",1732000,17.74,3809500,3.5
"29-Aug-90",1488000,17.91,3154700,3.5
"30-Aug-90",975600,17.3,2101400,3.39
"31-Aug-90",1230300,17.52,2755100,3.41
"4-Sep-90",684400,17.19,2114300,3.39
"5-Sep-90",782500,16.86,3311000,3.38
"6-Sep-90",966600,16.47,1874500,3.35
"7-Sep-90",894200,16.58,2344400,3.43
"10-Sep-90",757200,16.64,1385400,3.41
"11-Sep-90",493400,16.69,1167600,3.43
"12-Sep-90",552700,16.86,1603600,3.47
"13-Sep-90",871700,16.86,2410800,3.39
"14-Sep-90",1144100,16.53,2383200,3.38
"17-Sep-90",1241700,16.36,1419700,3.39
"18-Sep-90",1086100,16.64,2191900,3.44
"19-Sep-90",845200,16.53,1822800,3.39
"20-Sep-90",1110000,16.25,2461500,3.3
"21-Sep-90",2361600,16.14,4101800,3.31
"24-Sep-90",1547000,15.92,2812800,3.21
"25-Sep-90",1169100,16.09,2295100,3.24
"26-Sep-90",1000800,16.09,2372300,3.16
"27-Sep-90",1461900,16.03,3198100,3.1
"28-Sep-90",1375000,15.98,4382900,3.02
"1-Oct-90",1440600,16.2,4235700,3.05
"2-Oct-90",1094700,16.31,2855500,3.15
"3-Oct-90",988600,15.59,2504100,3.15
"4-Oct-90",839500,15.7,4234300,3.13
"5-Oct-90",1181400,16.25,2710000,3.19
"8-Oct-90",373100,16.53,999800,3.2
"9-Oct-90",777300,15.7,3034500,3.03
"10-Oct-90",1098000,15.98,5283800,2.93
"11-Oct-90",1264200,15.7,7208000,2.92
"12-Oct-90",1351900,16.2,3810600,3
"15-Oct-90",1028000,16.47,3813000,3.1
"16-Oct-90",999400,15.87,2622300,3.02
"17-Oct-90",760800,15.65,2169600,2.99
"18-Oct-90",1022300,16.03,4983500,2.99
"19-Oct-90",1582000,16.69,5712400,3.06
"22-Oct-90",1435800,17.08,2683800,3.13
"23-Oct-90",895300,16.86,3310000,3.1
"24-Oct-90",735300,17.03,2205600,3.13
"25-Oct-90",1159400,16.86,4904100,3.1
"26-Oct-90",1289200,16.42,4099700,2.98
"29-Oct-90",742000,16.31,2823000,2.96
"30-Oct-90",1084200,16.14,9686300,2.76
"31-Oct-90",1710900,16.2,4838800,2.78
"1-Nov-90",1343300,16.25,8425700,2.74
"2-Nov-90",974800,16.36,4631500,2.69
"5-Nov-90",865200,16.47,5642100,2.73
"6-Nov-90",778100,16.42,2421600,2.75
"7-Nov-90",1543300,16.09,5081000,2.68
"8-Nov-90",979400,16.42,2940800,2.65
"9-Nov-90",720800,16.93,3446000,2.74
"12-Nov-90",859400,17.44,2699900,2.85
"13-Nov-90",1099200,17.55,2151700,2.84
"14-Nov-90",1182200,17.95,3164200,2.95
"15-Nov-90",1154100,17.66,3769000,2.83
"16-Nov-90",2331600,17.27,7674400,2.79
"19-Nov-90",766700,17.44,3928100,2.76
"20-Nov-90",1291900,17.16,3523600,2.7
"21-Nov-90",1171100,16.93,3298400,2.69
"23-Nov-90",402800,16.82,1166900,2.69
"26-Nov-90",1150800,16.82,2828900,2.76
"27-Nov-90",1579400,16.82,3845600,2.7
"28-Nov-90",1324500,16.99,2884200,2.7
"29-Nov-90",1354700,16.65,2763500,2.7
"30-Nov-90",2290900,16.42,4117200,2.74
"3-Dec-90",1211200,16.26,4087500,2.74
"4-Dec-90",1328300,16.42,4500000,2.78
"5-Dec-90",1426600,16.71,3593500,2.75
"6-Dec-90",2787300,16.71,6514000,2.76
"7-Dec-90",1644500,16.42,3715100,2.76
"10-Dec-90",974100,16.54,2703800,2.79
"11-Dec-90",1456900,16.03,3479900,2.76
"12-Dec-90",2042200,15.86,8905000,2.73
"13-Dec-90",2019800,15.41,5875300,2.58
"14-Dec-90",2141400,14.96,5118100,2.53
"17-Dec-90",932800,15.25,4004600,2.56
"18-Dec-90",1634700,15.81,4437800,2.58
"19-Dec-90",1396400,15.81,4445800,2.56
"20-Dec-90",918100,15.7,2661500,2.55
"21-Dec-90",1806400,15.64,6500800,2.64
"24-Dec-90",171400,15.64,1606000,2.64
"26-Dec-90",486100,15.64,2062900,2.66
"27-Dec-90",583600,15.47,2126600,2.68
"28-Dec-90",738300,15.52,3350500,2.68
"31-Dec-90",581600,15.47,3342100,2.66
"2-Jan-91",800500,15.41,1983600,2.63
"3-Jan-91",1111900,15.3,2024500,2.6
"4-Jan-91",1525500,14.85,2049000,2.65
"7-Jan-91",1261900,14.34,2152400,2.55
"8-Jan-91",1184500,14.29,1943000,2.55
"9-Jan-91",1688800,14.17,3595600,2.51
"10-Jan-91",1234400,14.34,4570300,2.56
"11-Jan-91",1031400,14.29,2354900,2.55
"14-Jan-91",1111900,13.95,2425800,2.53
"15-Jan-91",820600,14.17,1873100,2.56
"16-Jan-91",902300,14.46,1415800,2.59
"17-Jan-91",2974700,15.25,7827100,2.65
"18-Jan-91",2604800,15.3,5490800,2.69
"21-Jan-91",572700,15.13,2152800,2.65
"22-Jan-91",583800,14.85,1989900,2.66
"23-Jan-91",947200,15.3,10804300,2.75
"24-Jan-91",824500,15.25,3394600,2.75
"25-Jan-91",791200,14.91,2907200,2.7
"28-Jan-91",750600,14.91,2231100,2.7
"29-Jan-91",985900,15.25,1897200,2.75
"30-Jan-91",1999800,15.86,7872900,2.87
"31-Jan-91",2179200,16.31,4775100,2.88
"1-Feb-91",2461700,16.26,7843900,2.93
"4-Feb-91",1892500,15.86,4526900,3.05
"5-Feb-91",5146600,15.75,6314400,3.02
"6-Feb-91",2403000,15.92,5284900,3.06
"7-Feb-91",3324800,16.15,7604800,3.07
"8-Feb-91",2638100,16.95,5168100,3.19
"11-Feb-91",2241900,16.78,6484700,3.34
"12-Feb-91",1680600,16.38,6192400,3.2
"13-Feb-91",2072000,16.78,3497700,3.16
"14-Feb-91",1529200,16.5,4659800,3.14
"15-Feb-91",2276300,16.95,7994300,3.23
"19-Feb-91",2014100,17.12,7428600,3.15
"20-Feb-91",1197800,16.38,4277300,3.06
"21-Feb-91",964200,16.55,2692200,3.05
"22-Feb-91",1380600,16.55,3948700,3.03
"25-Feb-91",1134200,16.27,4425500,3.09
"26-Feb-91",906100,16.38,4431100,3.03
"27-Feb-91",1918300,17.24,7997700,3.14
"28-Feb-91",2802200,17.97,16525900,3.36
"1-Mar-91",2444200,17.97,14534900,3.42
"4-Mar-91",1070600,17.92,4891600,3.41
"5-Mar-91",1421700,18.43,5753000,3.5
"6-Mar-91",2033900,18.43,9027300,3.51
"7-Mar-91",1070600,18.09,3055100,3.51
"8-Mar-91",788000,18.03,4205300,3.5
"11-Mar-91",890500,17.92,2848500,3.47
"12-Mar-91",936600,17.75,366000,3.47
"13-Mar-91",1183600,17.97,3167300,3.51
"14-Mar-91",1506400,18.15,5048500,3.52
"15-Mar-91",2093600,18.2,4905900,3.55
"18-Mar-91",1120200,17.92,4471000,3.57
"19-Mar-91",1034500,17.58,3385500,3.46
"20-Mar-91",994800,17.01,3484400,3.38
"21-Mar-91",900500,16.95,3161400,3.3
"22-Mar-91",963300,17.06,2122000,3.37
"25-Mar-91",851100,17.18,2533900,3.37
"26-Mar-91",894700,17.97,4033300,3.45
"27-Mar-91",914800,17.41,3255800,3.39
"28-Mar-91",617200,17.18,2936900,3.33
"1-Apr-91",1073700,16.78,3690300,3.27
"2-Apr-91",962000,17.52,4483900,3.33
"3-Apr-91",1302500,17.46,4746100,3.3
"4-Apr-91",1019400,17.24,3949400,3.25
"5-Apr-91",946700,16.95,4960100,3.19
"8-Apr-91",784200,17.01,2451700,3.2
"9-Apr-91",1060600,16.84,2697800,3.25
"10-Apr-91",814500,16.72,3669700,3.28
"11-Apr-91",806600,17.06,3566900,3.28
"12-Apr-91",832700,16.78,2870500,3.24
"15-Apr-91",724400,16.9,2139900,3.25
"16-Apr-91",934700,17.24,3061700,3.3
"17-Apr-91",1754200,17.69,4832800,3.34
"18-Apr-91",1616100,18.15,6556700,3.47
"19-Apr-91",2012000,17.81,4876500,3.5
"22-Apr-91",1571600,17.12,3876300,3.36
"23-Apr-91",1351300,17.06,2090600,3.39
"24-Apr-91",1116700,17.41,2274100,3.42
"25-Apr-91",1541400,16.84,3911300,3.37
"26-Apr-91",1200600,16.55,1991300,3.4
"29-Apr-91",1628000,15.47,2436000,3.32
"30-Apr-91",2891600,16.27,3689600,3.38
"1-May-91",1723800,17.12,4173500,3.49
"2-May-91",1151200,16.9,2743300,3.49
"3-May-91",1222700,17.29,4637000,3.57
"6-May-91",535800,17.06,1819600,3.48
"7-May-91",739100,16.72,3438300,3.41
"8-May-91",883600,16.84,2081800,3.38
"9-May-91",1248600,17.46,7166800,3.44
"10-May-91",1485000,17.13,2711400,3.4
"13-May-91",761200,17.07,2083600,3.38
"14-May-91",883300,16.78,2577900,3.31
"15-May-91",1072800,16.84,2874400,3.32
"16-May-91",1132300,17.01,1529800,3.35
"17-May-91",1864400,16.73,3561700,3.33
"20-May-91",544400,16.67,1250100,3.32
"21-May-91",850000,16.96,1909100,3.37
"22-May-91",1401600,17.36,2475100,3.41
"23-May-91",2126400,17.76,3608900,3.41
"24-May-91",1601100,18.28,2753100,3.48
"28-May-91",2984200,18.68,6146600,3.61
"29-May-91",4469100,19.6,10558900,3.74
"30-May-91",2844500,19.54,6344500,3.74
"31-May-91",2961400,19.83,8100500,3.84
"3-Jun-91",1305200,19.77,3835400,3.81
"4-Jun-91",1432700,19.54,3369400,3.79
"5-Jun-91",892300,19.14,2502700,3.72
"6-Jun-91",915900,19.2,3799100,3.74
"7-Jun-91",1232200,19.03,2982700,3.66
"10-Jun-91",624400,19.26,2721600,3.57
"11-Jun-91",1251400,19.49,3388600,3.72
"12-Jun-91",944500,19.43,1994800,3.67
"13-Jun-91",1079400,19.37,4224900,3.66
"14-Jun-91",2218800,20.35,4683900,3.84
"17-Jun-91",1648900,20.12,3263800,3.81
"18-Jun-91",1412000,20,4041700,3.85
"19-Jun-91",1243700,19.77,3296300,3.81
"20-Jun-91",1175500,20.06,1643800,3.83
"21-Jun-91",2088100,20.29,5152400,3.93
"24-Jun-91",1451900,18.97,1753900,3.81
"25-Jun-91",1423600,19.03,2078300,3.81
"26-Jun-91",2154700,18.74,2403100,3.79
"27-Jun-91",1412800,18.97,1670700,3.84
"28-Jun-91",1141200,18.74,2327200,3.75
"1-Jul-91",1680600,19.43,1862600,3.81
"2-Jul-91",1104400,19.6,1557400,3.83
"3-Jul-91",908400,19.49,2083200,3.74
"5-Jul-91",870500,19.54,1478800,3.71
"8-Jul-91",1232700,19.89,3727000,3.75
"9-Jul-91",1574400,19.89,2482500,3.64
"10-Jul-91",944800,19.49,3019100,3.66
"11-Jul-91",615300,19.6,1510900,3.64
"12-Jul-91",1028600,19.66,1689200,3.71
"15-Jul-91",670500,19.43,1342800,3.61
"16-Jul-91",895000,19.31,1633600,3.64
"17-Jul-91",865200,19.49,1005700,3.63
"18-Jul-91",768600,19.6,2770500,3.63
"19-Jul-91",1262000,19.54,2822300,3.61
"22-Jul-91",570500,19.43,1327400,3.58
"23-Jul-91",666400,18.91,1537100,3.55
"24-Jul-91",899100,18.62,1845100,3.51
"25-Jul-91",998400,18.85,2279000,3.57
"26-Jul-91",729100,18.68,1844800,3.51
"29-Jul-91",639500,18.57,2549900,3.46
"30-Jul-91",1152300,18.34,1969900,3.53
"31-Jul-91",1046700,18.28,1708400,3.53
"1-Aug-91",1092700,18.28,2381400,3.46
"2-Aug-91",899700,18.34,2651000,3.42
"5-Aug-91",1244700,18.39,3844500,3.37
"6-Aug-91",1337000,18.68,3987100,3.44
"7-Aug-91",954400,18.74,1463400,3.42
"8-Aug-91",956700,18.39,1689200,3.37
"9-Aug-91",2720800,17.71,4741900,3.27
"12-Aug-91",1890200,17.59,3716200,3.28
"13-Aug-91",1909100,17.94,3091800,3.35
"14-Aug-91",1573600,17.71,2212600,3.35
"15-Aug-91",1186900,17.83,2289800,3.29
"16-Aug-91",1910800,17.42,3381300,3.25
"19-Aug-91",4281900,16.55,5058700,3.15
"20-Aug-91",2760900,16.37,6782500,3.12
"21-Aug-91",3202000,17.42,6162700,3.29
"22-Aug-91",1559800,17.13,3371100,3.17
"23-Aug-91",2083100,17.59,5554400,3.37
"26-Aug-91",881400,17.48,2453400,3.32
"27-Aug-91",858300,17.36,2113300,3.27
"28-Aug-91",1040500,17.88,2901600,3.31
"29-Aug-91",1084200,17.77,2077600,3.33
"30-Aug-91",663400,17.65,1844400,3.28
"3-Sep-91",831100,17.3,2416400,3.27
"4-Sep-91",1015600,17.01,2832100,3.19
"5-Sep-91",1681700,16.78,1922800,3.2
"6-Sep-91",1139800,16.9,2280400,3.19
"9-Sep-91",844800,16.72,2822300,3.21
"10-Sep-91",1352300,16.55,2315000,3.19
"11-Sep-91",918700,16.61,2151700,3.21
"12-Sep-91",1737000,16.95,3431300,3.21
"13-Sep-91",1190600,16.95,3411300,3.16
"16-Sep-91",1121700,16.95,3312800,3.15
"17-Sep-91",1344700,17.01,4082900,3.15
"18-Sep-91",692800,17.07,2720900,3.15
"19-Sep-91",1141700,17.13,3081300,3.19
"20-Sep-91",1974800,17.01,4041700,3.11
"23-Sep-91",1183300,17.07,2423000,3.08
"24-Sep-91",1112000,17.19,3284800,3.11
"25-Sep-91",1130000,17.19,2341200,3.09
"26-Sep-91",1618600,17.59,5180300,3.19
"27-Sep-91",1292700,17.48,3350900,3.17
"30-Sep-91",949200,17.36,2609700,3.16
"1-Oct-91",823700,17.25,1449000,3.15
"2-Oct-91",1157200,17.19,1972000,3.12
"3-Oct-91",965300,17.42,2838700,3.16
"4-Oct-91",1144500,17.83,3116300,3.27
"7-Oct-91",1013400,17.88,2656900,3.27
"8-Oct-91",980500,17.88,3847600,3.23
"9-Oct-91",1193100,17.36,2175200,3.15
"10-Oct-91",1137000,17.77,2695400,3.19
"11-Oct-91",706100,17.53,1266900,3.16
"14-Oct-91",478800,17.77,1774500,3.15
"15-Oct-91",1124500,17.53,2437400,3.11
"16-Oct-91",1245300,17.3,3230600,3.08
"17-Oct-91",965200,17.42,3457500,3.08
"18-Oct-91",1135200,17.59,3397700,3.08
"21-Oct-91",685000,17.3,2381100,3.06
"22-Oct-91",1188900,17.13,3651500,3.02
"23-Oct-91",1451900,16.43,3818600,2.9
"24-Oct-91",1684700,16.61,3984300,2.83
"25-Oct-91",1374200,16.61,4347200,2.92
"28-Oct-91",720000,16.55,2765600,2.91
"29-Oct-91",1183900,16.55,2359400,2.9
"30-Oct-91",1236200,16.55,3494200,2.91
"31-Oct-91",693100,16.32,1495900,2.9
"1-Nov-91",1449400,16.02,2973300,2.91
"4-Nov-91",673700,15.91,1971000,2.86
"5-Nov-91",1284500,15.74,3271500,2.81
"6-Nov-91",2044500,16.02,4088500,2.83
"7-Nov-91",1730000,16.14,4134300,2.82
"8-Nov-91",1506100,15.79,4298600,2.79
"11-Nov-91",1951400,15.16,5343600,2.69
"12-Nov-91",2123000,15.27,10226400,2.75
"13-Nov-91",2100200,16.02,11160900,2.73
"14-Nov-91",1052300,15.68,10425000,2.75
"15-Nov-91",2783100,14.63,8845500,2.69
"18-Nov-91",2336700,14.86,6500100,2.71
"19-Nov-91",1883800,14.69,6339900,2.69
"20-Nov-91",2072700,14.22,7417800,2.61
"21-Nov-91",3268300,14.45,8723200,2.67
"22-Nov-91",1417200,14.34,3754300,2.63
"25-Nov-91",1230900,14.11,5312800,2.59
"26-Nov-91",1843000,14.57,9942200,2.58
"27-Nov-91",751900,14.34,3634700,2.57
"29-Nov-91",503300,14.28,2100300,2.57
"2-Dec-91",2009100,14.4,4903800,2.61
"3-Dec-91",1114800,13.99,3973200,2.63
"4-Dec-91",1858800,13.87,5990700,2.57
"5-Dec-91",1405500,13.53,2590800,2.54
"6-Dec-91",1958000,13.47,5489400,2.57
"9-Dec-91",2543800,12.83,3826700,2.54
"10-Dec-91",2136900,13.24,4266500,2.58
"11-Dec-91",1704400,12.95,3509600,2.58
"12-Dec-91",1947300,13.06,4743000,2.67
"13-Dec-91",1745300,13.24,4840200,2.71
"16-Dec-91",1521300,13.24,3662000,2.63
"17-Dec-91",2111900,12.95,2980600,2.65
"18-Dec-91",2390800,12.89,5366000,2.66
"19-Dec-91",2360800,12.48,2832800,2.61
"20-Dec-91",4221600,12.77,7685600,2.7
"23-Dec-91",3137800,13.53,5323300,2.98
"24-Dec-91",2035800,13.7,5120200,3.01
"26-Dec-91",1036400,13.29,2842500,3.03
"27-Dec-91",1582300,12.89,2411500,2.97
"30-Dec-91",2413900,13.24,5513500,3.02
"31-Dec-91",2373800,13.41,5250900,3.01
"2-Jan-92",2182500,14.4,6634700,3.11
"3-Jan-92",4048600,15.1,8680500,3.25
"6-Jan-92",4552700,15.56,11466100,3.3
"7-Jan-92",1887500,15.33,5837600,3.26
"8-Jan-92",2062200,14.92,5406200,3.25
"9-Jan-92",1903900,14.92,4442300,3.26
"10-Jan-92",1855200,14.75,4842300,3.21
"13-Jan-92",1761700,14.4,5492200,3.3
"14-Jan-92",2006400,14.86,9835900,3.37
"15-Jan-92",1682500,14.92,5986200,3.42
"16-Jan-92",4201400,15.97,8244200,3.53
"17-Jan-92",3252700,15.74,6128400,3.53
"20-Jan-92",940500,15.74,2829300,3.5
"21-Jan-92",3034400,15.21,4834200,3.42
"22-Jan-92",1814100,15.33,4456700,3.39
"23-Jan-92",1099800,15.16,3244600,3.38
"24-Jan-92",1173700,15.21,7292600,3.45
"27-Jan-92",2133300,15.85,6006800,3.55
"28-Jan-92",1580900,15.97,5980200,3.56
"29-Jan-92",1926300,15.21,4932500,3.38
"30-Jan-92",1080000,15.21,6069000,3.3
"31-Jan-92",944400,15.04,2697800,3.3
"3-Feb-92",1102500,15.79,3816200,3.55
"4-Feb-92",3150500,16.26,10457500,3.61
"5-Feb-92",2063800,16.2,5012900,3.63
"6-Feb-92",1431600,16.55,4036100,3.68
"7-Feb-92",1482000,15.97,4224900,3.6
"10-Feb-92",930900,16.39,2697800,3.68
"11-Feb-92",1451100,16.62,5662100,3.73
"12-Feb-92",1930900,16.86,3752200,3.75
"13-Feb-92",2048100,17.21,8945500,3.82
"14-Feb-92",4561600,17.91,18728700,4.02
"18-Feb-92",2618600,17.68,7920500,3.99
"19-Feb-92",2143100,18.03,11558400,4.13
"20-Feb-92",3154800,18.32,11274900,4.18
"21-Feb-92",2037700,18.03,8972800,4.06
"24-Feb-92",1320200,17.73,5820800,3.99
"25-Feb-92",2453400,17.15,6455300,3.86
"26-Feb-92",1278600,17.26,6099100,3.95
"27-Feb-92",1188000,16.97,3225400,3.87
"28-Feb-92",1914400,17.62,4621300,3.98
"2-Mar-92",1132800,17.79,5143600,4.02
"3-Mar-92",1189400,17.68,4353200,4.05
"4-Mar-92",991600,17.56,3292800,4.01
"5-Mar-92",1208400,17.38,3937100,3.94
"6-Mar-92",1000600,17.32,4106700,3.88
"9-Mar-92",864800,17.56,3229600,3.95
"10-Mar-92",1123600,17.56,3596600,3.97
"11-Mar-92",1127500,17.56,3232400,3.95
"12-Mar-92",1470800,17.79,3734000,3.98
"13-Mar-92",1471400,17.44,6238900,3.97
"16-Mar-92",1324500,17.44,7878900,4.1
"17-Mar-92",1041700,17.68,6848600,4.14
"18-Mar-92",1187200,17.97,8050500,4.22
"19-Mar-92",1889200,18.03,17283800,4.34
"20-Mar-92",2765000,18.38,10010000,4.36
"23-Mar-92",898600,18.15,5819400,4.33
"24-Mar-92",840800,17.56,4759400,4.22
"25-Mar-92",1201900,17.68,6954200,4.22
"26-Mar-92",784100,17.85,3133400,4.29
"27-Mar-92",992800,17.26,3792100,4.14
"30-Mar-92",873100,17.32,2555500,4.19
"31-Mar-92",866100,17.21,2900900,4.15
"1-Apr-92",869800,17.44,3205100,4.24
"2-Apr-92",1082000,17.09,6508100,4.28
"3-Apr-92",1113000,17.03,5344300,4.3
"6-Apr-92",945200,17.21,5125100,4.33
"7-Apr-92",3540500,17.79,6287500,4.25
"8-Apr-92",2554700,17.68,5154500,4.21
"9-Apr-92",1946700,17.85,4351800,4.19
"10-Apr-92",1568400,18.15,5148200,4.33
"13-Apr-92",1211600,18.32,3064500,4.37
"14-Apr-92",2691400,18.73,11421000,4.44
"15-Apr-92",2475200,18.73,9570600,4.43
"16-Apr-92",5145300,19.85,8863400,4.53
"20-Apr-92",2301100,20.03,7546400,4.66
"21-Apr-92",2079700,19.96,4375500,4.66
"22-Apr-92",1152300,19.73,4600700,4.63
"23-Apr-92",2522500,19.91,8734400,4.78
"24-Apr-92",3165300,18.62,6157100,4.68
"27-Apr-92",2731400,18.79,5112900,4.74
"28-Apr-92",1334700,18.97,5997700,4.79
"29-Apr-92",2604100,19.91,14149000,5
"30-Apr-92",1362800,19.5,9573700,4.96
"1-May-92",1322500,19.2,6250100,4.84
"4-May-92",1223900,19.09,6022200,4.9
"5-May-92",1305200,19.03,7910300,4.9
"6-May-92",1226200,19.03,6724200,4.97
"7-May-92",1702500,18.67,3623600,4.94
"8-May-92",1274100,18.73,3380600,4.92
"11-May-92",764100,18.5,2833500,4.85
"12-May-92",1037200,18.67,4139900,4.85
"13-May-92",848400,18.73,4143800,4.86
"14-May-92",885900,18.5,4394800,4.73
"15-May-92",1510900,18.44,5134900,4.67
"18-May-92",1161900,18.5,5009400,4.78
"19-May-92",1131900,18.44,5396000,4.86
"20-May-92",16925000,18.32,4624500,4.84
"21-May-92",2845300,18.32,4251400,4.79
"22-May-92",2360600,18.38,3358200,4.82
"26-May-92",2239100,17.85,5203700,4.73
"27-May-92",2191300,18.38,3912000,4.81
"28-May-92",1418600,18.44,3154400,4.84
"29-May-92",4184500,18.73,4036100,4.85
"1-Jun-92",3921400,19.69,8580900,5.07
"2-Jun-92",3053900,19.22,6422800,5.04
"3-Jun-92",2882300,19.81,7563900,5.11
"4-Jun-92",5002700,20.7,11887000,5.26
"5-Jun-92",3205500,20.88,5120500,5.24
"8-Jun-92",2479500,20.82,3328100,5.2
"9-Jun-92",1791700,20.58,4103900,5.14
"10-Jun-92",1900900,20.7,4602100,5.16
"11-Jun-92",1983600,20.4,5239100,5.08
"12-Jun-92",1381100,20.47,4029400,5.14
"15-Jun-92",1171100,20.76,2926500,5.11
"16-Jun-92",2041400,20.88,5541500,5.2
"17-Jun-92",2375200,19.75,7561100,4.97
"18-Jun-92",2412200,20.29,5915500,4.97
"19-Jun-92",3101100,20.82,5313200,5.03
"22-Jun-92",1535500,20.52,3473200,5
"23-Jun-92",1375800,20.64,4542300,5.01
"24-Jun-92",1427700,20.76,3414500,5.05
"25-Jun-92",1313400,20.4,2752400,4.97
"26-Jun-92",1401900,20.23,5022000,4.89
"29-Jun-92",1152300,20.76,3256100,5
"30-Jun-92",2232300,20.88,4027300,5.01
"1-Jul-92",1770500,20.4,3775600,4.96
"2-Jul-92",3284700,19.52,7035700,4.71
"6-Jul-92",2357000,19.34,12562800,4.6
"7-Jul-92",2310500,19.34,8287900,4.66
"8-Jul-92",1636300,19.16,4481500,4.7
"9-Jul-92",1504500,19.57,4494800,4.85
"10-Jul-92",804800,19.46,4230100,4.9
"13-Jul-92",1450800,19.81,5597000,5
"14-Jul-92",1239200,19.99,3757500,5
"15-Jul-92",1017800,19.81,7948800,5.01
"16-Jul-92",1103300,19.64,5381700,4.99
"17-Jul-92",1950300,19.34,5957100,4.88
"20-Jul-92",1910300,19.1,3297700,4.94
"21-Jul-92",1574400,18.92,7405200,4.81
"22-Jul-92",2541900,18.45,7601700,4.67
"23-Jul-92",2231300,18.51,6393400,4.81
"24-Jul-92",1182300,18.62,3824900,4.81
"27-Jul-92",1212200,18.92,3254400,4.85
"28-Jul-92",2176400,19.64,7396800,5.04
"29-Jul-92",2546400,19.75,10214900,4.88
"30-Jul-92",1432000,19.69,4905200,5.02
"31-Jul-92",688400,19.75,3965100,5.04
"3-Aug-92",1085800,19.46,2348200,5.04
"4-Aug-92",1052200,19.1,3629500,4.87
"5-Aug-92",2144400,18.57,7315700,4.77
"6-Aug-92",5923900,17.68,6464800,4.52
"7-Aug-92",5513600,17.56,9891200,4.48
"10-Aug-92",1934100,17.97,4714700,4.52
"11-Aug-92",2235000,18.03,3990600,4.54
"12-Aug-92",1342500,17.62,3939600,4.49
"13-Aug-92",3115800,17.32,4055300,4.52
"14-Aug-92",1917500,17.69,3302300,4.58
"17-Aug-92",1240500,17.87,3028500,4.6
"18-Aug-92",851200,17.87,3295600,4.6
"19-Aug-92",1124500,17.45,2900900,4.58
"20-Aug-92",2180900,17.09,3642800,4.55
"21-Aug-92",2341700,16.97,3545600,4.47
"24-Aug-92",2613600,16.31,7332800,4.27
"25-Aug-92",4386600,16.19,5886500,4.43
"26-Aug-92",3018300,16.37,4276300,4.47
"27-Aug-92",3020600,16.19,5182800,4.45
"28-Aug-92",2423600,16.07,4704900,4.38
"31-Aug-92",1532700,16.61,4308100,4.49
"1-Sep-92",1045600,16.49,2784500,4.44
"2-Sep-92",1933000,16.49,5055500,4.48
"3-Sep-92",2677500,16.67,5386200,4.54
"4-Sep-92",1793400,16.85,3097100,4.52
"8-Sep-92",2215900,16.31,3650500,4.4
"9-Sep-92",3289400,16.31,3695900,4.51
"10-Sep-92",2168400,16.31,6403900,4.56
"11-Sep-92",1538000,16.13,7144000,4.44
"14-Sep-92",3150000,16.73,10597400,4.73
"15-Sep-92",1611400,16.25,4875100,4.62
"16-Sep-92",2522200,15.95,6336100,4.56
"17-Sep-92",1582500,16.02,3423900,4.58
"18-Sep-92",2204400,16.37,5885800,4.65
"21-Sep-92",1118300,16.43,4317200,4.7
"22-Sep-92",3428800,15.83,6567500,4.44
"23-Sep-92",4413100,15.42,6969200,4.47
"24-Sep-92",2856400,15.9,4671300,4.45
"25-Sep-92",2867700,15.35,10503300,4.27
"28-Sep-92",2189200,15.35,7329300,4.23
"29-Sep-92",2465200,15.35,4544800,4.29
"30-Sep-92",1687700,15.42,5011500,4.36
"1-Oct-92",1752800,15.17,5267700,4.22
"2-Oct-92",2217500,14.81,4302500,4.15
"5-Oct-92",3106400,14.93,9397900,4.18
"6-Oct-92",1682700,14.81,6550100,4.14
"7-Oct-92",2147500,14.39,5404400,4
"8-Oct-92",2320500,14.45,5966900,4.15
"9-Oct-92",2708600,13.97,19025900,3.85
"12-Oct-92",1705300,14.75,5410700,3.98
"13-Oct-92",1693400,14.99,5668000,4.09
"14-Oct-92",1606900,14.75,4134000,4.12
"15-Oct-92",1023100,14.63,3657800,4.07
"16-Oct-92",3684400,14.09,341900,4.09
"19-Oct-92",3379700,13.97,5411400,4.07
"20-Oct-92",2552800,14.27,5361100,4.2
"21-Oct-92",2611700,14.87,2904800,4.27
"22-Oct-92",3467200,15.78,7325100,4.33
"23-Oct-92",3286300,16.07,6354600,4.38
"26-Oct-92",3537800,16.37,4784200,4.48
"27-Oct-92",2415800,15.54,4523100,4.44
"28-Oct-92",3264200,15.05,6781100,4.25
"29-Oct-92",2473900,15.05,6745800,4.15
"30-Oct-92",2055300,14.75,4462200,4.07
"2-Nov-92",3172500,15.29,4111600,4.28
"3-Nov-92",5811400,15.47,3452300,4.32
"4-Nov-92",2435000,15.17,3658500,4.36
"5-Nov-92",1958600,15.09,4342000,4.34
"6-Nov-92",2690300,14.78,2509700,4.3
"9-Nov-92",2131900,14.91,2062600,4.34
"10-Nov-92",1621300,14.78,2476900,4.3
"11-Nov-92",1980200,14.54,2298900,4.28
"12-Nov-92",3285000,14.73,3770400,4.34
"13-Nov-92",3787200,15.03,4310900,4.34
"16-Nov-92",2466100,15.03,4595100,4.41
"17-Nov-92",1991300,14.78,4000400,4.41
"18-Nov-92",1811700,14.91,3672500,4.33
"19-Nov-92",1424200,14.66,2917000,4.39
"20-Nov-92",2735600,14.97,4725500,4.48
"23-Nov-92",2526100,14.97,3979100,4.51
"24-Nov-92",2643600,15.03,5562800,4.4
"25-Nov-92",2128000,15.39,4214400,4.57
"27-Nov-92",1581100,15.27,3559900,4.65
"30-Nov-92",2111100,15.57,7212500,4.68
"1-Dec-92",2183100,15.63,6407400,4.75
"2-Dec-92",1841400,15.81,6671400,4.71
"3-Dec-92",1514800,15.81,2401000,4.68
"4-Dec-92",4627200,16.42,4358400,4.78
"7-Dec-92",2410800,16.6,3871400,4.73
"8-Dec-92",3015500,16.78,4005300,4.8
"9-Dec-92",2075500,16.66,4899600,4.78
"10-Dec-92",2014500,16.12,2709000,4.75
"11-Dec-92",1440600,16.17,2513900,4.75
"14-Dec-92",1496700,15.93,2374800,4.71
"15-Dec-92",1484800,15.69,6849300,4.61
"16-Dec-92",2233900,15.88,5932000,4.53
"17-Dec-92",1505200,15.69,8137900,4.43
"18-Dec-92",3823000,16,8210700,4.5
"21-Dec-92",1703000,16,3804300,4.57
"22-Dec-92",1647700,15.69,3900800,4.65
"23-Dec-92",1252200,15.93,2398900,4.64
"24-Dec-92",436700,15.93,1288200,4.72
"28-Dec-92",1226200,16,2459700,4.71
"29-Dec-92",2240900,15.69,3158200,4.72
"30-Dec-92",1443800,15.69,3414100,4.85
"31-Dec-92",1393600,15.57,2393300,4.78
"4-Jan-93",1698300,15.88,4927900,4.9
"5-Jan-93",2504500,16.05,6949300,4.97
"6-Jan-93",3650500,16.42,7096800,4.98
"7-Jan-93",3003100,16.12,11176700,4.98
"8-Jan-93",1602800,16.12,6389200,5.01
"11-Jan-93",1995500,16.54,3218700,5.03
"12-Jan-93",1761700,16.54,2857600,5.01
"13-Jan-93",1329200,16.42,2594000,4.94
"14-Jan-93",1426900,16.42,2911400,4.98
"15-Jan-93",6550000,16.72,9132200,5.12
"18-Jan-93",2528300,17.14,4319300,5.19
"19-Jan-93",5443400,17.69,8588600,5.28
"20-Jan-93",1850900,17.5,3136600,5.19
"21-Jan-93",2884400,18.11,3184500,5.26
"22-Jan-93",4132700,18.35,6619600,5.35
"25-Jan-93",2720800,18.17,4515400,5.39
"26-Jan-93",4009100,18.47,7490100,5.38
"27-Jan-93",2479700,18.35,3765100,5.34
"28-Jan-93",1554100,18.23,5663800,5.24
"29-Jan-93",1623600,18.23,4267200,5.18
"1-Feb-93",1947000,18.41,3243900,5.31
"2-Feb-93",2169700,18.05,4949200,5.29
"3-Feb-93",5368100,18.89,6501100,5.36
"4-Feb-93",7183900,18.23,17128600,5.63
"5-Feb-93",7910300,18.39,8735400,5.57
"8-Feb-93",3600900,18.87,4955900,5.62
"9-Feb-93",2362200,18.63,3275000,5.49
"10-Feb-93",2285000,19.05,4218200,5.59
"11-Feb-93",11296900,19.66,9047200,5.69
"12-Feb-93",3353800,19.72,4537800,5.53
"16-Feb-93",4138000,18.75,7614900,5.34
"17-Feb-93",2621600,19.24,6204700,5.25
"18-Feb-93",2922000,18.69,5023700,5.21
"19-Feb-93",2853900,18.87,5231000,5.24
"22-Feb-93",2075900,18.81,3473200,5.25
"23-Feb-93",2777800,17.9,6822000,5.04
"24-Feb-93",2190300,18.32,5289700,5.15
"25-Feb-93",1808800,18.32,4032600,5.18
"26-Feb-93",1800600,18.08,3435800,5.15
"1-Mar-93",1389500,17.96,3716500,5.21
"2-Mar-93",1115900,18.39,3937500,5.38
"3-Mar-93",2070600,18.69,4722700,5.38
"4-Mar-93",1424700,18.51,4924100,5.38
"5-Mar-93",2788600,18.93,7894600,5.53
"8-Mar-93",1871300,19.29,6271800,5.6
"9-Mar-93",2230600,19.48,5796300,5.59
"10-Mar-93",1465500,19.48,3609200,5.62
"11-Mar-93",2666400,18.81,3870000,5.5
"12-Mar-93",2370300,18.63,5171200,5.42
"15-Mar-93",1239100,18.87,1904600,5.49
"16-Mar-93",796200,18.63,2183200,5.45
"17-Mar-93",1154400,18.81,3152600,5.48
"18-Mar-93",1991400,19.29,15590400,5.8
"19-Mar-93",3724200,19.29,10366600,5.81
"22-Mar-93",1370300,19.29,5247800,5.9
"23-Mar-93",2020500,19.29,6179500,5.95
"24-Mar-93",2862000,18.87,4633200,5.86
"25-Mar-93",2305200,18.69,6134400,5.88
"26-Mar-93",1572000,18.51,3123600,5.88
"29-Mar-93",1032700,18.69,4095500,5.95
"30-Mar-93",1350500,18.51,2667400,5.93
"31-Mar-93",1916300,18.27,6064800,5.84
"1-Apr-93",1310300,18.14,6493800,5.84
"2-Apr-93",2075300,18.08,5989600,5.76
"5-Apr-93",960800,18.32,4765700,5.84
"6-Apr-93",1853400,18.63,8164900,6.07
"7-Apr-93",1932700,19.05,8911300,6.14
"8-Apr-93",1517700,19.17,3579200,6.14
"12-Apr-93",1730300,18.99,5591800,6.22
"13-Apr-93",2111600,19.24,5496700,6.12
"14-Apr-93",3700000,19.72,4079800,6.15
"15-Apr-93",3672500,19.42,5094300,6.14
"16-Apr-93",2500000,19.66,4943300,6.19
"19-Apr-93",1559100,19.24,2919100,6.09
"20-Apr-93",3173400,18.99,6386800,5.98
"21-Apr-93",1473100,18.87,3881200,5.91
"22-Apr-93",2581400,18.75,5104800,5.84
"23-Apr-93",2415300,19.66,5470500,5.94
"26-Apr-93",1677800,19.24,3011100,5.79
"27-Apr-93",2404200,19.6,5047800,5.96
"28-Apr-93",5467800,20.57,10813800,6.17
"29-Apr-93",4027800,19.9,8964700,6.2
"30-Apr-93",2160600,19.84,7207700,6.2
"3-May-93",2239700,20.57,7824000,6.31
"4-May-93",2794200,20.33,6242800,6.35
"5-May-93",2004700,19.96,7410400,6.32
"6-May-93",1454800,19.54,2890800,6.31
"7-May-93",1184700,19.51,3341100,6.27
"10-May-93",1302200,19.82,5192900,6.27
"11-May-93",1243300,20.06,3013500,6.23
"12-May-93",1620200,20.12,3458500,6.3
"13-May-93",1746900,19.64,3778400,6.17
"14-May-93",1963600,19.15,3883300,6.1
"17-May-93",1641600,19.45,2508000,6.21
"18-May-93",1676600,19.15,9282900,6.03
"19-May-93",2649800,19.39,15264500,5.9
"20-May-93",1442000,19.45,6712600,5.86
"21-May-93",2055300,19.27,6270000,5.7
"24-May-93",1000600,19.45,5338700,5.84
"25-May-93",1264200,19.39,3420100,5.83
"26-May-93",2120500,19.58,4012300,5.96
"27-May-93",1294700,19.45,3701900,5.93
"28-May-93",1680200,19.58,3388300,5.89
"1-Jun-93",1615200,19.7,4531800,6
"2-Jun-93",1207200,19.7,5023000,6
"3-Jun-93",2047500,20,10876400,6.27
"4-Jun-93",296200,20.24,7590100,6.24
"7-Jun-93",1855300,20.24,4915700,6.28
"8-Jun-93",1240000,19.76,3234800,6.18
"9-Jun-93",1394500,20,3199800,6.17
"10-Jun-93",1502300,20.06,2329300,6.18
"11-Jun-93",1466300,19.88,3175400,6.08
"14-Jun-93",1195200,19.76,6834300,5.87
"15-Jun-93",1450500,19.64,6924500,5.76
"16-Jun-93",1658300,20.12,10027900,5.65
"17-Jun-93",1303300,20.31,3982600,5.76
"18-Jun-93",3470800,20.37,9207700,5.66
"21-Jun-93",2633800,20.92,6788800,5.79
"22-Jun-93",3830200,21.28,5781300,5.79
"23-Jun-93",3133600,20.98,4121700,5.72
"24-Jun-93",1528000,21.04,3022200,5.74
"25-Jun-93",1340800,21.04,2342600,5.76
"28-Jun-93",2771600,21.65,4982800,5.84
"29-Jun-93",2034400,21.46,2954100,5.83
"30-Jun-93",2174200,21.71,2771900,5.91
"1-Jul-93",1691100,21.46,4317500,5.77
"2-Jul-93",1162000,21.28,7613900,5.63
"6-Jul-93",2092200,21.53,7604400,5.48
"7-Jul-93",2175000,21.77,5455500,5.6
"8-Jul-93",4605900,22.87,8369700,5.8
"9-Jul-93",3303800,23.17,5067800,5.9
"12-Jul-93",2067500,22.87,8018000,5.67
"13-Jul-93",1470200,22.87,6471000,5.73
"14-Jul-93",2065200,23.17,4647900,5.82
"15-Jul-93",1651900,23.29,2934800,5.77
"16-Jul-93",1863100,23.29,4167900,5.82
"19-Jul-93",1221100,23.29,3287900,5.83
"20-Jul-93",2744100,23.85,6781100,6.03
"21-Jul-93",1481400,23.6,4776500,6.06
"22-Jul-93",1373600,23.24,2354500,5.94
"23-Jul-93",1635300,22.81,2814900,5.9
"26-Jul-93",1109500,23.24,2632400,5.97
"27-Jul-93",1562700,22.93,3151200,5.84
"28-Jul-93",2196900,22.93,7415700,5.93
"29-Jul-93",1783600,23.17,5497400,6.06
"30-Jul-93",4061100,23.66,2699600,6.02
"2-Aug-93",2801600,24.21,6982200,6.22
"3-Aug-93",2169400,24.03,4099700,6.23
"4-Aug-93",1814800,24.03,4725800,6.13
"5-Aug-93",1608600,23.72,4577300,6
"6-Aug-93",1591300,23.29,5334100,5.89
"9-Aug-93",1610800,23.78,3385800,5.96
"10-Aug-93",1611900,23.66,2061200,5.99
"11-Aug-93",920800,23.42,2186700,6.02
"12-Aug-93",1933800,23.17,1980800,5.97
"13-Aug-93",1885200,22.41,3021500,5.92
"16-Aug-93",1694800,23.02,3301600,5.95
"17-Aug-93",1084200,22.78,1978700,5.9
"18-Aug-93",3693900,21.74,6831500,5.73
"19-Aug-93",3056700,22.29,7119600,5.8
"20-Aug-93",4211100,21.86,12853000,5.65
"23-Aug-93",1363000,22.11,5126800,5.72
"24-Aug-93",2763900,22.9,5881300,5.9
"25-Aug-93",2771100,22.9,6185100,5.92
"26-Aug-93",2036700,23.33,4408400,5.96
"27-Aug-93",892700,23.09,2589800,5.9
"30-Aug-93",1224700,23.02,3103300,5.84
"31-Aug-93",11202700,22.97,3683000,5.82
"1-Sep-93",1335000,22.84,4123500,5.97
"2-Sep-93",1044500,22.35,2196100,5.87
"3-Sep-93",1773800,22.05,2380700,5.76
"7-Sep-93",1178900,21.92,2713200,5.8
"8-Sep-93",1825300,21.92,4640900,5.87
"9-Sep-93",2553900,22.53,6536100,6.03
"10-Sep-93",1561900,22.9,4635300,6.12
"13-Sep-93",1484200,23.27,5933000,6.27
"14-Sep-93",1338600,22.41,5030700,6.13
"15-Sep-93",2157500,23.15,6001500,6.24
"16-Sep-93",1147800,22.97,3476700,6.22
"17-Sep-93",3352000,22.41,7167100,6.24
"20-Sep-93",1292000,22.48,4604500,6.27
"21-Sep-93",2050300,21.99,6078100,6.2
"22-Sep-93",1502800,22.35,5030000,6.23
"23-Sep-93",2943800,22.6,9344800,6.49
"24-Sep-93",2700300,22.6,9249300,6.49
"27-Sep-93",1953900,22.17,4177000,6.39
"28-Sep-93",2755900,22.05,3958800,6.42
"29-Sep-93",2233600,21.5,3026400,6.3
"30-Sep-93",7845500,20.45,3992000,6.3
"1-Oct-93",4319800,20.82,6360200,6.44
"4-Oct-93",1726300,21.01,3602600,6.47
"5-Oct-93",2031900,21.07,3606400,6.47
"6-Oct-93",2063400,21.07,4091000,6.33
"7-Oct-93",2340300,21.5,5036300,6.37
"8-Oct-93",1393000,21.37,4502400,6.34
"11-Oct-93",1304200,21.5,1650100,6.27
"12-Oct-93",1290500,21.43,2818100,6.26
"13-Oct-93",1253700,21.37,303800,6.3
"14-Oct-93",2744400,21.92,9509100,6.56
"15-Oct-93",2302700,21.99,4833500,6.54
"18-Oct-93",2028400,22.72,7849900,6.69
"19-Oct-93",1334400,22.35,5563100,6.61
"20-Oct-93",896600,22.35,3908800,6.66
"21-Oct-93",1351100,22.17,6145600,6.73
"22-Oct-93",1413600,22.53,4580100,6.76
"25-Oct-93",5577500,21.92,6637500,6.76
"26-Oct-93",3643100,22.23,4817400,6.86
"27-Oct-93",4143000,22.97,17775700,6.93
"28-Oct-93",5490200,24,16123500,7.22
"29-Oct-93",3883900,23.33,8569000,7.11
"1-Nov-93",1680000,23.64,7485900,7.19
"2-Nov-93",2625000,24,6649700,7.32
"3-Nov-93",4650500,24.13,8524600,7.26
"4-Nov-93",2341900,23.7,5096400,7.03
"5-Nov-93",2480300,23.49,7501700,6.99
"8-Nov-93",1732300,23.92,4042400,7.06
"9-Nov-93",2060800,23.92,3940600,6.99
"10-Nov-93",5047000,25.15,4543700,7.09
"11-Nov-93",5471600,24.97,4924100,7
"12-Nov-93",2757700,25.15,4480800,7.11
"15-Nov-93",1860200,25.33,3433400,7.13
"16-Nov-93",4061900,25.95,4084000,7.13
"17-Nov-93",4753600,26.44,4755600,7.11
"18-Nov-93",4603300,26.87,4853400,7.18
"19-Nov-93",3809200,26.69,5317700,7.09
"22-Nov-93",3011400,25.95,9560800,6.85
"23-Nov-93",2331400,25.95,4760800,6.85
"24-Nov-93",1865500,26.44,5388000,7
"26-Nov-93",473800,26.5,1061000,7.03
"29-Nov-93",1937800,26.75,4127000,7.09
"30-Nov-93",2688000,25.95,4010200,6.98
"1-Dec-93",2719100,26.19,5496000,7.19
"2-Dec-93",1578100,26.32,5381000,7.15
"3-Dec-93",3070800,27.06,4765700,7.25
"6-Dec-93",2521900,26.93,4710100,7.22
"7-Dec-93",1871900,26.81,4017600,7.28
"8-Dec-93",2852200,27.18,4248300,7.26
"9-Dec-93",3552700,27.55,7547800,7.29
"10-Dec-93",1563400,27.61,4929700,7.39
"13-Dec-93",1664200,27.61,4793000,7.43
"14-Dec-93",1513100,27,3449500,7.29
"15-Dec-93",2733100,26.87,4565700,7.22
"16-Dec-93",1531300,26.93,3837500,7.18
"17-Dec-93",2403900,26.93,4083300,7.19
"20-Dec-93",1254700,26.69,4092700,7.21
"21-Dec-93",2483100,27,5156200,7.43
"22-Dec-93",2258800,27.37,5883700,7.53
"23-Dec-93",1570000,27.18,3290400,7.45
"27-Dec-93",1441100,27.67,2200700,7.41
"28-Dec-93",1306700,27.92,3004800,7.43
"29-Dec-93",1225500,27.55,2697800,7.43
"30-Dec-93",825000,27.37,3510600,7.43
"31-Dec-93",850200,27,2030400,7.41
"3-Jan-94",2088900,27.24,6672100,7.28
"4-Jan-94",2415200,27.92,6198400,7.33
"5-Jan-94",2441300,27.98,6118600,7.32
"6-Jan-94",2976300,28.1,4724400,7.31
"7-Jan-94",2591900,28.47,3618700,7.42
"10-Jan-94",3807500,29.15,11449400,7.72
"11-Jan-94",3711600,29.27,11130500,7.84
"12-Jan-94",3971700,29.15,9616000,7.75
"13-Jan-94",2104400,29.64,6500100,7.79
"14-Jan-94",2632200,30.13,5342900,7.84
"17-Jan-94",1303400,29.88,2621600,7.85
"18-Jan-94",3217700,30.56,5105900,7.88
"19-Jan-94",2511700,29.95,5731300,7.75
"20-Jan-94",2413600,29.58,5060100,7.71
"21-Jan-94",2750300,29.95,5406500,7.75
"24-Jan-94",1652000,29.58,6134700,7.58
"25-Jan-94",1950200,29.15,6834600,7.52
"26-Jan-94",2294400,28.84,4029400,7.49
"27-Jan-94",2569200,29.46,9589100,7.71
"28-Jan-94",2064800,29.15,5596700,7.54
"31-Jan-94",2781600,30.13,4019300,7.74
"1-Feb-94",2964700,30.01,5620800,7.71
"2-Feb-94",2222000,30.25,4776900,7.83
"3-Feb-94",4224100,30.99,11178800,8.01
"4-Feb-94",4800900,30.32,11328000,7.85
"7-Feb-94",4061900,30.99,8296300,7.96
"8-Feb-94",4028600,31.85,5411100,8.03
"9-Feb-94",3181400,31.61,10805700,7.91
"10-Feb-94",7768800,30.75,17735500,7.62
"11-Feb-94",3483000,30.17,8234100,7.57
"14-Feb-94",2810500,30.47,4891200,7.59
"15-Feb-94",2700900,30.41,5755800,7.65
"16-Feb-94",2293400,30.1,4311200,7.51
"17-Feb-94",2849200,29.61,7187000,7.46
"18-Feb-94",2649800,29.49,5594900,7.45
"22-Feb-94",1691400,29.49,4729000,7.45
"23-Feb-94",2394100,29.55,6990900,7.42
"24-Feb-94",2606300,29.12,9036800,7.22
"25-Feb-94",2353600,28.75,9717400,7.1
"28-Feb-94",2183900,28.75,6423500,7.18
"1-Mar-94",2093900,28.69,6478700,7.19
"2-Mar-94",4925600,29.86,11296200,7.38
"3-Mar-94",3058600,29.86,5790400,7.35
"4-Mar-94",3010600,30.6,7067100,7.52
"7-Mar-94",1595300,30.35,5115300,7.44
"8-Mar-94",2277000,30.6,4320700,7.36
"9-Mar-94",1790200,30.91,3294900,7.55
"10-Mar-94",1482000,30.72,3735100,7.51
"11-Mar-94",1584500,31.03,3004800,7.57
"14-Mar-94",1160800,30.97,2572700,7.44
"15-Mar-94",1414100,30.35,5196100,7.29
"16-Mar-94",1790800,30.47,6668200,7.35
"17-Mar-94",1380500,29.8,6501100,7.21
"18-Mar-94",4322000,29.55,10433800,7.1
"21-Mar-94",1792800,29.43,7018200,7.06
"22-Mar-94",1580900,29.43,3081300,7.12
"23-Mar-94",1825300,29.86,6037500,7.32
"24-Mar-94",3436700,28.81,13100500,7.09
"25-Mar-94",2342000,28.07,6595500,6.96
"28-Mar-94",2756400,28.32,7308000,6.95
"29-Mar-94",2194700,27.64,5795300,6.84
"30-Mar-94",4347000,26.77,8264100,6.73
"31-Mar-94",5450200,26.59,8914100,6.79
"4-Apr-94",4034800,27.14,10804000,6.79
"5-Apr-94",4164800,28.25,7012900,7.03
"6-Apr-94",4652500,28.99,5276800,7.03
"7-Apr-94",4211300,29.67,5045700,7
"8-Apr-94",3091700,28.5,6328400,6.74
"11-Apr-94",1660200,28.62,5009700,6.7
"12-Apr-94",1378000,28.32,4045200,6.64
"13-Apr-94",2380500,28.13,6878000,6.6
"14-Apr-94",2199700,28.62,9773000,6.76
"15-Apr-94",2000800,28.87,8787800,6.73
"18-Apr-94",2160500,28.07,4917400,6.69
"19-Apr-94",4105500,27.27,8756400,6.51
"20-Apr-94",4746900,26.96,14951600,6.28
"21-Apr-94",4077800,27.33,14529300,6.43
"22-Apr-94",1814400,27.45,8635800,6.43
"25-Apr-94",2260000,28.25,7281800,6.69
"26-Apr-94",2002700,28.01,5385900,6.74
"28-Apr-94",4915600,28.01,5932300,6.69
"29-Apr-94",2235500,28.01,11385000,6.8
"2-May-94",2264400,28.25,7848100,7.09
"3-May-94",1917700,28.32,5315600,7.1
"4-May-94",2300900,28.01,6561900,6.98
"5-May-94",1759500,27.45,6071500,6.87
"6-May-94",2416400,27.12,11043800,6.75
"9-May-94",1968900,26.69,4896400,6.74
"10-May-94",1658000,27.49,3683700,6.9
"11-May-94",3480800,26.87,5639700,6.74
"12-May-94",2166300,26.99,5069500,6.72
"13-May-94",1909800,26.5,5194700,6.75
"16-May-94",1772000,26.25,3323200,6.72
"17-May-94",3140300,26.93,3395600,6.91
"18-May-94",2514200,26.81,8587200,6.85
"19-May-94",2142500,27.36,6349700,6.88
"20-May-94",2462200,27.43,9581400,6.96
"23-May-94",1307300,26.99,2810400,6.9
"24-May-94",2049800,27.12,4183300,6.81
"25-May-94",1389400,27.18,3392800,6.81
"26-May-94",1675000,26.87,4699300,6.72
"27-May-94",1395500,26.87,4216500,6.75
"31-May-94",1762700,26.62,5071200,6.72
"1-Jun-94",1853400,26.69,3850100,6.81
"2-Jun-94",1601400,26.5,3948000,6.66
"3-Jun-94",4221600,25.75,7108700,6.62
"6-Jun-94",2269200,25.26,4051100,6.51
"7-Jun-94",2364100,24.95,4482500,6.52
"8-Jun-94",1942800,25.01,5384500,6.48
"9-Jun-94",1861600,25.14,3576400,6.55
"10-Jun-94",2015000,25.45,4068600,6.65
"13-Jun-94",2153600,25.82,4831400,6.85
"14-Jun-94",2935200,26.56,14977200,7.12
"15-Jun-94",3425800,26.75,7863500,7.06
"16-Jun-94",2713400,26.69,5877800,7.06
"17-Jun-94",5374800,26.69,8393800,6.97
"20-Jun-94",1814100,26.37,3994100,6.87
"21-Jun-94",3049200,25.75,9024200,6.78
"22-Jun-94",1365200,25.94,4324200,6.78
"23-Jun-94",1552300,25.14,5118800,6.68
"24-Jun-94",2240500,25.08,5596700,6.72
"27-Jun-94",2064800,25.88,6379500,6.96
"28-Jun-94",2923300,25.26,10900100,6.88
"29-Jun-94",2542500,24.95,4908700,6.91
"30-Jun-94",2724200,24.89,5669400,6.87
"1-Jul-94",1105200,25.08,3438300,6.87
"5-Jul-94",1555200,24.64,3509600,6.74
"6-Jul-94",2210500,24.52,4482200,6.72
"7-Jul-94",2613400,25.63,6361600,6.95
"8-Jul-94",1744500,25.45,7541500,7.13
"11-Jul-94",1262200,25.26,3842400,7.07
"12-Jul-94",2489100,25.7,5519400,7.28
"13-Jul-94",2674200,25.82,9225900,7.51
"14-Jul-94",2304500,25.88,9340700,7.36
"15-Jul-94",1730900,25.7,4240200,7.36
"18-Jul-94",831600,25.63,2686500,7.42
"19-Jul-94",793700,25.38,3144800,7.3
"20-Jul-94",1240300,25.32,4241500,7.42
"21-Jul-94",1204500,25.01,4248500,7.22
"22-Jul-94",1093000,24.89,2070800,7.25
"25-Jul-94",1350200,24.7,2250300,7.3
"26-Jul-94",1616700,25.08,4176100,7.36
"27-Jul-94",2398400,24.7,7545000,7.12
"28-Jul-94",2250500,24.89,7011500,7.27
"29-Jul-94",2895200,25.45,5441300,7.47
"1-Aug-94",3133300,26.19,5192000,7.47
"2-Aug-94",2870500,26.25,3364900,7.39
"3-Aug-94",1650900,26.19,2895500,7.39
"4-Aug-94",4122200,25.14,11755900,6.92
"5-Aug-94",3560800,24.89,4700500,6.98
"8-Aug-94",1728900,24.95,3687200,7.06
"9-Aug-94",1610000,24.89,4190400,7.06
"10-Aug-94",995300,24.83,2245800,7.09
"11-Aug-94",1798800,24.76,4368700,6.98
"12-Aug-94",1084700,24.93,2035300,6.95
"15-Aug-94",1544200,24.8,3207500,6.95
"16-Aug-94",3177800,25.36,5163200,7.15
"17-Aug-94",3258100,25.36,5528700,7.18
"18-Aug-94",2016700,24.8,4369100,6.92
"19-Aug-94",3586300,24.43,5422400,6.98
"22-Aug-94",2113100,24.06,2797600,6.92
"23-Aug-94",2060300,24.18,3865300,6.95
"24-Aug-94",2509400,25.3,4988400,7.18
"25-Aug-94",2867200,25.05,3489000,7
"26-Aug-94",3566400,25.73,6056900,7.15
"29-Aug-94",1660500,25.55,3437900,7.15
"30-Aug-94",1462700,25.86,4501600,7.18
"31-Aug-94",2938100,24.99,12558300,6.86
"1-Sep-94",1630600,25.05,7712000,7.03
"2-Sep-94",1076700,24.93,3547000,6.95
"6-Sep-94",2283000,25.98,3121900,7.03
"7-Sep-94",2414400,25.8,4302700,6.95
"8-Sep-94",1892700,25.55,3311000,6.92
"9-Sep-94",2775500,25.05,4316300,6.86
"12-Sep-94",812200,24.99,3142300,6.8
"13-Sep-94",1990500,24.8,8222900,6.74
"14-Sep-94",2840500,24.99,6484200,6.83
"15-Sep-94",1935900,25.67,4887900,6.77
"16-Sep-94",4106600,25.11,8879100,6.71
"19-Sep-94",2165300,24.99,6584100,6.57
"20-Sep-94",2394200,24.74,7206800,6.51
"21-Sep-94",3056400,24.18,8882100,6.45
"22-Sep-94",2425000,23.99,9122600,6.33
"23-Sep-94",5560300,23.19,10191000,6.24
"26-Sep-94",3485200,23.25,7599600,6.24
"27-Sep-94",3851900,23.62,6186500,6.54
"28-Sep-94",1969200,23.69,5104100,6.57
"29-Sep-94",1553900,23.25,3672300,6.45
"30-Sep-94",3224800,23.31,3839100,6.51
"3-Oct-94",2228800,23,4454400,6.45
"4-Oct-94",3112800,22.44,6457400,6.36
"5-Oct-94",4258300,22.69,5834100,6.48
"6-Oct-94",3841300,21.88,2964400,6.39
"7-Oct-94",2893600,21.82,3153000,6.39
"10-Oct-94",2705200,22.63,4892100,6.62
"11-Oct-94",3325000,23.44,7974200,6.89
"12-Oct-94",1855000,23.56,5607200,6.8
"13-Oct-94",2760800,23.5,10837700,6.77
"14-Oct-94",1016900,23.56,4179100,6.89
"17-Oct-94",1911300,23.19,4936300,6.83
"18-Oct-94",1492500,23.12,3232000,6.8
"19-Oct-94",1742000,23.31,3345300,6.89
"20-Oct-94",16771400,21.45,5215500,6.74
"21-Oct-94",18538400,20.51,6330300,6.77
"24-Oct-94",5627800,20.39,3637900,6.71
"25-Oct-94",5503000,20.58,8743100,6.86
"26-Oct-94",3306900,20.26,11220700,6.92
"27-Oct-94",4045500,19.96,8016300,6.86
"28-Oct-94",6313600,20.08,5042900,7.01
"31-Oct-94",5335000,19.64,6296200,6.98
"1-Nov-94",7240800,19.27,5734300,6.86
"2-Nov-94",6425200,19.02,4907100,6.89
"3-Nov-94",4125600,19.46,2810900,7.01
"4-Nov-94",4254100,19.52,3636300,6.83
"7-Nov-94",3622000,19.21,3657300,6.89
"8-Nov-94",3931100,19.39,3365900,6.8
"9-Nov-94",3545800,19.33,5579700,6.71
"10-Nov-94",2200600,19.43,3669200,6.77
"11-Nov-94",1439400,19.43,1483300,6.74
"14-Nov-94",2294400,19.37,3857300,6.86
"15-Nov-94",3263400,19.49,6275600,6.8
"16-Nov-94",3433400,19.81,3420400,6.8
"17-Nov-94",4653800,19.24,3853600,6.71
"18-Nov-94",7111600,18.87,4551000,6.59
"21-Nov-94",3544800,18.62,2209200,6.59
"22-Nov-94",3564100,18.31,5182600,6.36
"23-Nov-94",5219200,18.87,6774500,6.45
"25-Nov-94",1277000,19.06,1213900,6.51
"28-Nov-94",2443800,19.18,2625300,6.36
